"Genus","Species","Common","Prairie","Deciduous_forest","Coniferous_forest","Deer_resistant","Mixed_border","Shade_garden","Butterfly_nectar","Butterfly_larval","Hummingbirds","Rock_sunny","Rock_shady","Pond","Shallow_water","Moist_soil","Groundcover","Front_yard_sunny","Front_yard_shady","Front_yard_woody","Type","Zone","Habitat","Height","Width","Soil","Sun","Min_height","Max_height","Min_width","Max_width","MN_1","MN_2","MN_3","MN_4","MN_5","MN_6","MN_7","MN_8","MN_9","Zone_1","Zone_2","Zone_3","Zone_4","Sun_0","Sun_1","Sun_2","Sun_3","Sun_4","Sun_5","Sun_6","Sun_7","Sun_8","Sun_9","Sun_10","Moisture_0","Moisture_1","Moisture_2","Moisture_3","Moisture_4","Moisture_5","PH_0","PH_1","PH_2","PH_3","PH_4","PH_5","PH_6"
"Abies","balsamea","balsam fir",0,0,1,0,0,1,0,0,0,0,0,0,0,0,0,0,0,1,"evergreen conifer","2","forests, bogs, N MN, SE MN","30-50 ft","25 ft","cool, damp, moist, acidic","partial shade to full sun",30,50,25,25,1,1,1,0,0,0,0,0,1,0,1,0,0,0,0,0,0,1,1,1,1,1,1,1,0,0,0,1,0,0,1,0,0,0,0,0,0
"Acer","nigrum","black maple",0,0,0,1,0,0,0,0,0,0,0,0,0,0,0,0,0,0,"deciduous tree","4","floodplains, bottomlands, SE MN",,,"moist",,,,,,0,0,0,0,0,0,0,0,1,0,0,0,1,,,,,,,,,,,,0,0,0,1,0,0,,,,,,,
"Acer","rubrum","red maple",0,1,0,1,0,0,0,0,0,0,0,0,0,1,0,0,0,1,"deciduous tree","4, most of 3","swamps, depressions, NE MN, east-central MN","40-65 ft","45 ft","slightly acidic, sandy loam, well-drained","full sun to light shade",40,65,45,45,0,0,1,0,0,1,0,0,0,0,0,1,1,0,0,0,0,0,1,1,1,1,1,1,,,,,,,0,0,1,0,0,0,0
"Acer","saccharum","sugar maple",0,1,0,1,0,0,0,0,0,0,0,0,0,0,0,0,0,1,"deciduous tree","4","E MN","50-80 ft",,"rich, moist, heavy clay, loam",,50,80,,,0,0,1,0,0,1,0,0,1,0,0,0,1,,,,,,,,,,,,0,0,0,1,0,0,,,,,,,
"Acer","saccharinum","silver maple",0,0,0,1,0,0,0,0,0,0,0,0,0,1,0,0,0,0,"deciduous tree","3","E MN","40-80 ft",,"tough, wet to moist",,40,80,,,0,0,1,0,0,1,0,0,1,0,0,1,0,,,,,,,,,,,,0,0,0,1,1,0,,,,,,,
"Acer","spicatum","mountain maple",0,0,1,1,0,0,0,0,0,0,0,0,0,0,0,0,0,0,"deciduous tree","3","SE MN, NE MN, streamside","25 ft","20 ft","moist, acidic","partial shade",25,25,20,20,0,0,1,0,0,0,0,0,1,0,0,1,0,0,0,0,0,1,0,0,0,0,0,0,0,0,0,1,0,0,1,0,0,0,0,0,0
"Actaea","pachypoda","white baneberry",0,1,0,1,0,1,0,0,0,0,0,0,0,0,0,0,1,0,"flower & groundcover","3","E MN",,,"moist, humus-rich, slightly acidic","partial shade to full shade",,,,,0,0,1,0,0,1,0,0,1,0,0,1,0,0,0,1,1,1,0,0,0,0,0,0,0,0,0,1,0,0,0,0,1,0,0,0,0
"Actaea","rubra","red baneberry",0,1,1,1,0,1,0,0,0,0,0,0,0,0,0,0,1,0,"flower & groundcover","2","woodlands, throughout MN","12-30 in",,"moist, humus-rich, slightly acidic","partial shade to full shade",1,2.5,,,1,1,1,1,1,1,1,1,1,0,1,0,0,0,0,1,1,1,0,0,0,0,0,0,0,0,0,1,0,0,0,0,1,0,0,0,0
"Adiantum","pedatum","maidenhair fern",0,1,1,0,1,1,0,0,0,0,1,0,0,1,0,0,1,0,"fern","3","woodlands, E MN","12-24 in",,"moist, slightly acidic, rich","partial shade",1,2,,,0,0,1,0,0,1,0,0,1,0,0,1,0,0,0,0,0,1,0,0,0,0,0,0,0,0,0,1,0,0,0,0,1,0,0,0,0
"Agastache","foeniculum","blue giant hyssop",0,0,0,0,1,0,1,0,1,0,0,0,0,0,0,1,0,0,"flower & groundcover","2","uplands, throughout MN","2-4 ft",,"well-drained","full sun to partial shade",2,4,,,1,1,1,1,1,1,1,1,1,0,1,0,0,0,0,0,0,1,1,1,1,1,1,1,,,,,,,,,,,,,
"Allium","cernuum","nodding wild onion",1,0,0,1,1,0,0,0,0,1,0,0,0,0,0,1,0,0,"flower & groundcover","3","woodlands, open grasslands, MN-Iowa border","12-24 in",,"average to rich, well-drained, neutral to slightly alkaline","full sun to very light shade",1,2,,,0,0,0,0,0,0,1,1,1,0,0,1,0,0,0,0,0,0,0,1,1,1,1,1,,,,,,,0,0,0,1,1,0,0
"Allium","stellatum","prairie wild onion",0,0,0,1,0,0,0,0,0,1,0,0,0,0,0,0,0,0,"flower & groundcover","3","open woodlands, grasslands, all but far SE MN","6-12 in",,"limy, rocky","full sun",0.5,1,,,1,1,1,1,1,1,1,1,0,0,0,1,0,0,0,0,0,0,0,0,0,0,0,1,,,,,,,0,0,0,0,0,1,0
"Allium","tricoccum","wild leek",0,0,0,1,0,1,0,0,0,0,0,0,0,0,0,0,0,0,"flower & groundcover","3","wooded slopes, limestone bluffs, throughout MN","6-16 in",,"humus-rich","full sun to light shade",0.5,1.33333333333333,,,1,1,1,1,1,1,1,1,1,0,0,1,0,0,0,0,0,0,1,1,1,1,1,1,,,,,,,,,,,,,
"Alnus","incana","speckled alder",0,0,0,0,0,0,0,0,0,0,0,0,0,1,0,0,0,0,"deciduous shrub & small tree","2","all but SW MN","15-25 ft",,"wet","shade",15,25,,,1,1,1,1,1,1,0,1,1,0,1,0,0,0,0,1,0,0,0,0,0,0,0,0,0,0,0,0,1,0,,,,,,,
"Amelanchier","alnifolia","Saskatoon juneberry",0,0,0,1,0,1,0,0,0,0,0,0,0,0,0,0,0,0,"deciduous shrub & small tree","2","stream banks, thickets, slopes, all but S MN","3-12 ft","6-9 ft",,,3,12,6,9,1,1,1,1,1,1,0,0,0,0,1,0,0,,,,,,,,,,,,,,,,,,,,,,,,
"Amelanchier","arborea","downy serviceberry",1,0,0,1,0,1,0,0,0,0,0,0,0,0,0,0,0,0,"deciduous shrub & small tree","3","hillsides, forest edges, E MN","20-25 ft","15-20 ft",,,20,25,15,20,0,0,1,0,0,1,0,0,1,0,0,1,0,,,,,,,,,,,,,,,,,,,,,,,,
"Amelanchier","x grandiflora","apple serviceberry",0,0,0,1,1,1,0,0,0,0,0,0,0,0,0,0,0,1,"deciduous shrub & small tree","4",,"20-25 ft",,,,20,25,,,,,,,,,,,,0,0,0,1,,,,,,,,,,,,,,,,,,,,,,,,
"Amelanchier","laevis","smooth juneberry",0,0,0,1,0,1,0,0,0,0,0,0,0,0,0,0,0,0,"deciduous shrub & small tree","3","woodland edges, hillsides, ravines, E MN","25-30 ft","15-25 ft","moist, well-drained, slightly acidic, humus-rich","partial shade to sun",25,30,15,25,0,0,1,0,0,1,0,0,1,0,0,1,0,0,0,0,0,1,1,1,1,1,1,0,0,0,0,1,0,0,0,0,1,0,0,0,0
"Amelanchier","stolonifera","running serviceberry",0,0,1,1,0,1,0,0,0,0,0,0,0,0,0,0,0,0,"deciduous shrub & small tree","3","rocky outcroppings, NE MN","1-6 ft","3-10 ft","acidic, sandy, rocky",,1,6,3,10,0,0,1,0,0,0,0,0,0,0,0,1,0,,,,,,,,,,,,,,,,,,1,0,0,0,0,0,0
"Amorpha","canescens","leadplant",1,0,0,0,1,0,1,0,0,0,0,0,0,0,0,0,0,0,"deciduous shrub & small tree","3","open woods, savannas, prairies, all but NE MN","1.5-4 ft","2-3 ft","dry, average, well-drained","full sun to light shade",1.5,4,2,3,1,1,0,1,1,1,1,1,1,0,0,1,0,0,0,0,0,0,1,1,1,1,1,1,1,0,0,0,0,0,,,,,,,
"Amorpha","fruticosa","false indigo",0,0,0,0,0,0,1,0,0,0,0,0,0,1,0,0,0,0,"deciduous shrub & small tree","3","woods, stream banks, S MN, W MN","12 ft",,"moist",,12,12,,,1,0,0,1,0,0,1,1,1,0,0,1,0,,,,,,,,,,,,0,0,0,1,0,0,,,,,,,
"Amorpha","nana","dwarf wild indigo, fragrant false indigo",0,0,0,0,0,0,1,0,0,0,0,0,0,0,0,0,0,0,"deciduous shrub & small tree","3","W MN, S MN","1-2 ft",,,,1,2,,,1,0,0,1,0,0,1,1,1,0,0,1,0,,,,,,,,,,,,,,,,,,,,,,,,
"Anaphalis","margaritacea","pearly everlasting",0,0,0,0,0,0,1,0,0,1,0,0,0,0,0,0,0,0,"flower & groundcover","2","NE MN","1-3 ft",,"tough, dry, poor to average","full sun",1,3,,,0,0,1,0,0,0,0,0,0,0,1,0,0,0,0,0,0,0,0,0,0,0,0,1,1,0,0,0,0,0,,,,,,,
"Andropogon","gerardii","big bluestem",1,0,0,1,0,0,0,0,0,0,0,0,0,0,0,0,0,0,"grass & sedge","3","prairies, woodlands, throughout MN","4-8 ft",,"moist, fertile, well-drained","full sun to partial shade",4,8,,,1,1,1,1,1,1,1,1,1,0,0,1,0,0,0,0,0,1,1,1,1,1,1,1,0,0,0,1,0,0,,,,,,,
"Anemone","canadensis","Canada anemone",0,1,0,0,0,1,0,0,0,0,0,0,0,1,1,0,0,0,"flower & groundcover","2","prairies, open woodlands, throughout MN","12-24 in",,"moist, average to rich","full sun to light shade",1,2,,,1,1,1,1,1,1,1,1,1,0,1,0,0,0,0,0,0,0,1,1,1,1,1,1,0,0,0,1,0,0,,,,,,,
"Anemone","cylindrica","long-headed thimbleweed",0,0,0,0,0,1,0,0,0,0,0,0,0,0,0,0,0,0,"flower & groundcover","3","prairies, savannas","2 ft",,"moist to dry","full sun to light shade",2,2,,,,,,,,,,,,0,0,1,0,0,0,0,0,0,1,1,1,1,1,1,1,1,1,1,0,0,,,,,,,
"Anemone","quinquefolia","wood anemone",0,1,0,0,0,1,0,0,0,0,0,0,0,0,0,0,0,0,"flower & groundcover","3","all but far SW MN, sheltered woodlands","3-8 in",,"rich, moist, slightly acidic","partial shade",0.25,0.666666666666667,,,1,1,1,1,1,1,0,1,1,0,0,1,0,0,0,0,0,1,0,0,0,0,0,0,0,0,0,1,0,0,0,0,1,0,0,0,0
"Anemonella","thaliacroides","rue anemone",0,1,0,0,0,1,0,0,0,0,1,0,0,0,0,0,0,0,"flower & groundcover","4, trial in 3","open woods, rocky woods, clearings, SE MN","4-8 in",,"moist to dry, slightly acidic","partial sun",0.333333333333333,0.666666666666667,,,0,0,0,0,0,0,0,0,1,0,0,1,1,0,0,0,0,0,0,0,0,1,0,0,1,1,1,1,0,0,0,0,1,0,0,0,0
"Antennaria","neglecta","field pussytoes",1,0,0,0,0,0,1,0,0,1,0,0,0,0,1,0,0,0,"flower & groundcover","3","prairies","3-12 in",,"dry",,0.25,1,,,,,,,,,,,,0,0,1,0,,,,,,,,,,,,1,0,0,0,0,0,,,,,,,
"Antennaria","plantaginifolia","Plantain-leaved pussytoes",1,0,0,0,0,0,1,0,0,1,0,0,0,0,1,0,0,0,"flower & groundcover","3","open woodlands, woodland transition, band NW to SE MN","3-16 in",,"dry, poor, well-drained","full sun to partial shade",0.25,1.33333333333333,,,1,0,0,0,1,0,0,0,1,0,0,1,0,0,0,0,0,1,1,1,1,1,1,1,1,0,0,0,0,0,,,,,,,
"Aquilegia","canadensis","Canada columbine",0,1,0,1,1,1,0,0,1,1,1,0,0,0,0,0,1,0,"flower & groundcover","3","rocky woods, savannas, throughout MN","12-24 in",,"moist to dry, average, well-drained","full sun to full shade",1,2,,,1,1,1,1,1,1,1,1,1,0,0,1,0,0,0,1,1,1,1,1,1,1,1,1,1,1,1,1,0,0,,,,,,,
"Aralia","racemosa","American spikenard",0,1,0,0,0,0,0,0,0,0,0,0,0,0,0,0,1,0,"flower & groundcover","3","deciduous woods, mixed coniferous woods, E MN","2-6 ft",,"rich, moist","partial shade to deep shade",2,6,,,0,0,1,0,0,1,0,0,1,0,0,1,0,1,1,1,1,1,0,0,0,0,0,0,0,0,0,1,0,0,,,,,,,
"Aralia","nudecaulis","wild sarsaparilla",0,0,0,0,0,0,0,0,0,0,0,0,0,0,0,0,0,0,"flower & groundcover","3","W MN","1-1.5 ft",,,,1,1.5,,,1,0,0,1,0,0,1,0,0,0,0,1,0,,,,,,,,,,,,,,,,,,,,,,,,
"Arctostaphylos","uva-ursi","bearberry",0,0,1,0,0,0,0,0,0,0,0,0,0,0,1,0,0,0,"deciduous shrub & small tree","3","rock outcrops, N MN, E MN","6-12 in","8 ft","dry, poor, acidic","full sun to light shade",0.5,1,8,8,1,1,1,0,0,1,0,0,1,0,0,1,0,0,0,0,0,0,1,1,1,1,1,1,1,0,0,0,0,0,1,0,0,0,0,0,0
"Arisaema","dracontium","green dragon",0,1,0,1,0,0,0,0,0,0,0,0,0,0,0,0,0,0,"flower & groundcover","4","SE border MN","12-42 in",,"wet, rich","full sun to light shade",1,3.5,,,0,0,0,0,0,0,0,0,1,0,0,0,1,0,0,0,0,0,1,1,1,1,1,1,0,0,0,0,1,0,,,,,,,
"Arisaema","triphyllum","Jack-in-the-Pulpit",0,1,0,1,0,1,0,0,0,0,0,0,0,1,0,0,1,0,"flower & groundcover","3","woodlands, throughout MN","12-36 in",,"moist, rich","moderate shade to full shade",1,3,,,1,1,1,1,1,1,1,1,1,0,0,1,0,0,0,1,1,0,0,0,0,0,0,0,0,0,0,1,0,0,,,,,,,
"Aronia","melanocarpa","black chokeberry",0,0,1,0,0,0,0,0,0,0,0,0,0,1,0,0,0,0,"deciduous shrub & small tree","3, trial in 2","swamps, low areas, open coniferous woods, east-central MN, NE MN","4-6 ft","3-6 ft","slightly acidic, wet to dry","full sun to light shade",4,6,3,6,0,0,1,0,0,1,0,0,0,0,1,1,0,0,0,0,0,0,1,1,1,1,1,1,1,1,1,1,1,0,0,0,1,0,0,0,0
"Asarum","canadense","wild ginger",0,1,0,1,0,1,0,0,0,0,1,0,0,0,1,0,1,0,"flower & groundcover","3","deciduous forest, coniferous forest, E MN","6-8 in",,"moist, humus-rich","partial shade to full shade",0.5,0.666666666666667,,,0,0,1,0,0,1,0,0,1,0,0,1,0,0,0,1,1,1,0,0,0,0,0,0,0,0,0,1,0,0,,,,,,,
"Asclepias","incarnata","Swamp milkweek",0,0,0,1,0,0,1,1,0,0,0,0,0,1,0,0,0,0,"flower & groundcover","3","throughout MN","3 ft",,"wet","full sun",3,3,,,1,1,1,1,1,1,1,1,1,0,0,1,0,0,0,0,0,0,0,0,0,0,0,1,0,0,0,0,1,0,,,,,,,
"Asclepias","speciosa","showy milkweed",0,0,0,1,0,0,1,1,0,0,0,0,0,0,0,0,0,0,"flower & groundcover","2","prairies, savannas, W MN","1-3 ft",,,,1,3,,,1,0,0,1,0,0,1,0,0,0,1,0,0,,,,,,,,,,,,,,,,,,,,,,,,
"Asclepias","sullivantii","Sullivant's milkweed, prairie milkweed",0,0,0,1,0,0,1,1,0,0,0,0,0,0,0,0,0,0,"flower & groundcover","3","prairies, south-central MN","2-3 ft",,,,2,3,,,0,0,0,0,0,0,0,1,0,0,0,1,0,,,,,,,,,,,,,,,,,,,,,,,,
"Asclepias","syriaca","common milkweed",0,0,0,1,0,0,1,1,0,0,0,0,0,0,0,0,0,0,"flower & groundcover","3","throughout MN","24-60 in",,"average to moist, well-drained","full sun",2,5,,,1,1,1,1,1,1,1,1,1,0,0,1,0,0,0,0,0,0,0,0,0,0,0,1,0,1,1,1,0,0,,,,,,,
"Asclepias","tuberosa","butterfly weed",1,0,0,1,1,0,1,1,1,1,0,0,0,0,0,1,0,0,"flower & groundcover","3","prairies, woodland edges, openings, SE MN","1-3 ft",,"moist to dry","full sun to light shade",1,3,,,0,0,0,0,0,0,0,0,1,0,0,1,0,0,0,0,0,0,1,1,1,1,1,1,1,1,1,1,0,0,,,,,,,
"Asclepias","verticillata","whorled milkweed",1,0,0,1,0,0,1,1,0,0,0,0,0,0,0,0,0,0,"flower & groundcover","3","prairies, S MN, W MN",,,,,,,,,1,0,0,1,0,0,1,1,1,0,0,1,0,,,,,,,,,,,,,,,,,,,,,,,,
"Asclepias","viridiflora","green milkweed",1,0,0,1,0,0,1,1,0,0,0,0,0,0,0,0,0,0,"flower & groundcover","3","prairies, savannas, S MN, W MN",,,"average to dry","full sun",,,,,1,0,0,1,0,0,1,1,1,0,0,1,0,0,0,0,0,0,0,0,0,0,0,1,1,1,0,0,0,0,,,,,,,
"Asplenium","platyneuron","ebony spleenwort",0,0,0,0,0,0,0,0,0,1,1,0,0,1,0,0,0,0,"fern","4","woods, SE MN","8-18 in",,"loose, woodsy, neutral","partial shade",0.666666666666667,1.5,,,0,0,0,0,0,0,0,0,1,0,0,0,1,0,0,0,0,1,0,0,0,0,0,0,,,,,,,0,0,0,1,0,0,0
"Asplenium","rhizophyllum","walking fern",0,0,0,0,0,0,0,0,0,0,0,0,0,1,0,0,0,0,"fern","4","SE MN","4-12 in",,,,0.333333333333333,1,,,0,0,0,0,0,0,0,0,1,0,0,0,1,,,,,,,,,,,,,,,,,,,,,,,,
"Asplenium","trichomanes","maidenhair spleenwort",0,0,0,0,0,0,0,0,0,0,0,0,0,1,0,0,0,0,"fern","3","east-facing cliffs, NE MN","3-6 in",,"moist, cool",,0.25,0.5,,,0,0,1,0,0,0,0,0,0,0,0,1,0,,,,,,,,,,,,0,0,0,1,0,0,,,,,,,
"Aster","cordifolius","heart-leaved aster",1,1,0,1,1,0,0,0,0,0,0,0,0,0,0,0,0,0,"flower & groundcover","4","open woods, clearings, SE MN","3-4 ft",,"moist, humus-rich","light shade to partial shade",3,4,,,0,0,0,0,0,0,0,0,1,0,0,0,1,0,0,0,0,1,1,0,0,0,0,0,0,0,0,1,0,0,,,,,,,
"Aster","ericoides","heath aster",1,0,0,1,1,0,0,0,0,0,0,0,0,0,0,0,0,0,"flower & groundcover","3","prairies, woodland edges, throughout MN","1-3 ft",,"average to rich, moist","full sun",1,3,,,1,1,1,1,1,1,1,1,1,0,0,1,0,0,0,0,0,0,0,0,0,0,0,1,0,0,0,1,0,0,,,,,,,
"Aster","laevis","smooth aster",1,0,0,1,1,0,0,0,0,0,0,0,0,0,0,1,0,0,"flower & groundcover","2","prairies, woodland edges, all but far NE MN","2-3 ft",,"average to rich, moist, well-drained","full sun to light shade",2,3,,,1,1,0,1,1,1,1,1,1,0,1,0,0,0,0,0,0,0,1,1,1,1,1,1,0,0,0,1,0,0,,,,,,,
"Aster","lateriflorus","calico aster, side-flowering aster",0,0,0,1,1,0,0,0,0,0,0,0,0,0,0,0,0,0,"flower & groundcover","4, trial in 3","open woods, N 2/3 MN","2-4 ft",,"average to rich, well-drained","full sun to light shade",2,4,,,1,1,1,1,1,1,0,0,0,0,0,1,1,0,0,0,0,0,1,1,1,1,1,1,,,,,,,,,,,,,
"Aster","macrophyllus","large-leaved aster",0,0,1,1,1,1,0,0,0,0,0,0,0,0,0,0,0,0,"flower & groundcover","3","woodland edges, NE MN","1-4 ft",,"moist, humus-rich","full sun to partial shade",1,4,,,0,0,1,0,0,0,0,0,0,0,0,1,0,0,0,0,0,1,1,1,1,1,1,1,0,0,0,1,0,0,,,,,,,
"Aster","novae-angliae","New England aster",1,0,0,1,1,0,1,1,0,0,0,0,0,1,0,1,0,0,"flower & groundcover","3","mesic prairies, SW MN","3-6 ft",,"moist, average","full sun to partial shade",3,6,,,0,0,0,0,0,0,1,0,0,0,0,1,0,0,0,0,0,1,1,1,1,1,1,1,0,0,0,1,0,0,,,,,,,
"Aster","oblongifolius","aromatic aster",0,0,0,1,1,0,0,0,0,0,0,0,0,0,0,0,0,0,"flower & groundcover","3","prairies, SW MN",,,,,,,,,0,0,0,0,0,0,1,0,0,0,0,1,0,,,,,,,,,,,,,,,,,,,,,,,,
"Aster","oolentangiensis","sky-blue aster",1,0,0,1,1,0,0,0,0,0,0,0,0,0,0,0,0,0,"flower & groundcover","3","prairies, open woods, central MN, SE MN","2-5 ft",,"dry to moist, well-drained","full sun",2,5,,,0,0,0,0,1,0,0,0,1,0,0,1,0,0,0,0,0,0,0,0,0,0,0,1,1,1,1,1,0,0,,,,,,,
"Aster","sericeus","silky aster",0,0,0,1,1,0,0,0,0,0,0,0,0,0,0,0,0,0,"flower & groundcover","3","prairies, open woods, SW MN","12-24 in",,"average","full sun to light shade",1,2,,,0,0,0,0,0,0,1,0,0,0,0,1,0,0,0,0,0,0,1,1,1,1,1,1,,,,,,,,,,,,,
"Aster","umbellatus","flat-topped aster",0,0,0,1,1,0,0,0,0,0,0,0,0,0,0,0,0,0,"flower & groundcover","3","throughout MN","1-10 ft",,"moist","full shade to partial shade",1,10,,,1,1,1,1,1,1,1,1,1,0,0,1,0,0,0,1,1,1,0,0,0,0,0,0,0,0,0,1,0,0,,,,,,,
"Astragalus","canadensis","Canada milk vetch",0,0,0,0,0,0,0,0,0,0,0,0,0,0,0,0,0,0,"flower & groundcover","2","prairies, open woodlands, throughout MN","1-4 ft",,,"full sun to partial shade",1,4,,,1,1,1,1,1,1,1,1,1,0,1,0,0,0,0,0,0,1,1,1,1,1,1,1,,,,,,,,,,,,,
"Athyrium","filix-femina","lady fern",0,1,1,0,0,1,0,0,0,0,0,0,0,1,0,0,1,0,"fern","2","throughout MN","2-3 ft",,"slightly acidic, moist to wet","partial shade to full shade",2,3,,,1,1,1,1,1,1,1,1,1,0,1,0,0,0,0,1,1,1,0,0,0,0,0,0,0,0,0,1,1,0,0,0,1,0,0,0,0
"Baptisia","lactea","white wild indigo",1,0,0,1,1,0,0,0,0,1,0,0,0,0,0,0,0,0,"flower & groundcover","4","open woods, prairies, savannas, SE MN","3-5 ft",,"well-drained","full sun to light shade",3,5,,,0,0,0,0,0,0,0,0,1,0,0,0,1,0,0,0,0,0,1,1,1,1,1,1,,,,,,,,,,,,,
"Betula","alleghaniensis","yellow birch",0,1,1,1,0,0,0,1,0,0,0,0,0,1,0,0,0,0,"deciduous tree","3","E MN, N MN","60-80 ft",,"moist","full sun to light shade",60,80,,,1,1,1,0,0,1,0,0,1,0,0,1,0,0,0,0,0,0,1,1,1,1,1,1,0,0,0,1,0,0,,,,,,,
"Betula","nigra","river birch",0,1,1,1,0,0,0,1,0,0,0,0,0,1,0,0,0,1,"deciduous tree","4, trial in 3","lowlands, SE MN","40-60 ft","15-25 ft","moist to wet, slightly acidic","full sun",40,60,15,25,0,0,0,0,0,0,0,0,1,0,0,1,1,0,0,0,0,0,0,0,0,0,0,1,0,0,0,1,1,0,0,0,1,0,0,0,0
"Betula","papyrifera","paper birch",1,1,1,1,0,0,0,1,0,0,0,0,0,0,0,0,0,0,"deciduous tree","2","all but SW MN","40-70 ft","20-30 ft","moist, cool","full sun",40,70,20,30,1,1,1,1,1,1,0,1,1,0,1,0,0,0,0,0,0,0,0,0,0,0,0,1,0,0,0,1,0,0,,,,,,,
"Boltonia","asteroides","boltonia",0,0,0,0,1,0,0,0,0,0,0,0,0,0,0,1,0,0,"flower & groundcover","4","prairies, marshes, S MN","3-5 ft",,"wet to dry","full sun",3,5,,,0,0,0,0,0,0,1,1,1,0,0,0,1,0,0,0,0,0,0,0,0,0,0,1,1,1,1,1,1,0,,,,,,,
"Bouteloua","curtipendula","side-oats grama",1,0,0,1,0,0,1,0,0,0,0,0,0,0,0,0,0,0,"grass & sedge","3","prairies, open woodlands, SW MN","2-3 ft",,"average to dry, well-drained","full sun",2,3,,,0,0,0,0,0,0,1,0,0,0,0,1,0,0,0,0,0,0,0,0,0,0,0,1,1,1,0,0,0,0,,,,,,,
"Bouteloua","gracilis","blue grama",0,0,0,0,0,0,0,0,0,0,0,0,0,0,0,0,0,0,"grass & sedge","3","SW MN","1-2 ft",,"dry, gravelly",,1,2,,,0,0,0,0,0,0,1,0,0,0,0,1,0,,,,,,,,,,,,1,0,0,0,0,0,,,,,,,
"Bouteloua","hirsuta","hairy grama",0,0,0,0,0,0,0,0,0,0,0,0,0,0,0,0,0,0,"grass & sedge","3","SW MN","2-3 ft",,"dry, well-drained loam",,2,3,,,0,0,0,0,0,0,1,0,0,0,0,1,0,,,,,,,,,,,,1,0,0,0,0,0,,,,,,,
"Buchloe","dactyloides","buffalo grass",0,0,0,0,0,0,0,0,0,0,0,0,0,0,0,0,0,0,"grass & sedge","4","prairies, SW MN","6 in",,"heavy",,0.5,0.5,,,0,0,0,0,0,0,1,0,0,0,0,0,1,,,,,,,,,,,,,,,,,,,,,,,,
"Calamagrostis","canadensis","blue joint",0,0,0,0,0,0,0,0,0,0,0,0,0,1,0,0,0,0,"grass & sedge","3","marshes, bogs, lakeshores, throughout MN","2-5 ft",,"moist to wet, submerged","full sun",2,5,,,1,1,1,1,1,1,1,1,1,0,0,1,0,0,0,0,0,0,0,0,0,0,0,1,0,0,0,1,1,0,,,,,,,
"Calla","palustris","wild calla",0,0,1,0,0,0,0,0,0,0,0,0,1,0,0,0,0,0,"flower & groundcover","2","bogs, swamps, ponds, NE MN","12 in",,"submerged","full sun",1,1,,,0,0,1,0,0,0,0,0,0,0,1,0,0,0,0,0,0,0,0,0,0,0,0,1,0,0,0,0,0,1,,,,,,,
"Caltha","palustris","marsh marigold",0,1,1,0,0,0,0,0,0,0,0,0,0,1,0,0,0,0,"flower & groundcover","2","woods, swamps, shallow ponds, NE MN","12-24 in",,"wet, humus-rich","full sun to light shade",1,2,,,0,0,1,0,0,0,0,0,0,0,1,0,0,0,0,0,0,0,1,1,1,1,1,1,0,0,0,0,1,0,,,,,,,
"Campanula","americana","tall bellflower",0,1,0,0,1,0,0,0,0,0,0,0,0,1,0,0,0,0,"flower & groundcover","3","prairies, open woods, SE MN","4-6 ft",,"moist, average","full sun to partial shade",4,6,,,0,0,0,0,0,0,0,0,1,0,0,1,0,0,0,0,0,1,1,1,1,1,1,1,0,0,0,1,0,0,,,,,,,
"Campanula","rotundifolia","harebell",1,0,0,0,1,0,0,0,0,1,0,0,0,0,0,0,0,0,"flower & groundcover","2","prairies, savannas, SE MN","6-18 in",,"well-drained","full sun",0.5,1.5,,,0,0,0,0,0,0,0,0,1,0,1,0,0,0,0,0,0,0,0,0,0,0,0,1,,,,,,,,,,,,,
"Carex","grayi","Gray's sedge",0,0,0,0,0,1,0,1,0,0,0,0,0,0,0,0,0,0,"grass & sedge","4","SE MN","24 in",,"wet","partial shade",2,2,,,0,0,0,0,0,0,0,0,1,0,0,0,1,0,0,0,0,1,0,0,0,0,0,0,0,0,0,0,1,0,,,,,,,
"Carex","muskingumensis","palm sedge",0,0,0,0,0,1,0,1,0,0,0,0,0,0,0,0,0,0,"grass & sedge","4","riverside, woods, SE MN","2-3 ft",,"moist, fertile","partial shade to full shade",2,3,,,0,0,0,0,0,0,0,0,1,0,0,0,1,0,0,1,1,1,0,0,0,0,0,0,0,0,0,1,0,0,,,,,,,
"Carex","pensylvanica","Pennsylvainia sedge",0,0,0,0,0,1,0,1,0,0,1,0,0,0,0,0,0,0,"grass & sedge","3","woods, throughout MN","8-10 in",,"well-drained, loam to sand, slightly acidic","full sun to shade",0.666666666666667,0.833333333333333,,,1,1,1,1,1,1,1,1,1,0,0,1,0,0,0,1,1,1,1,1,1,1,1,1,,,,,,,0,0,1,0,0,0,0
"Carex","plantaginea","plantain-leaved sedge",0,0,0,0,0,1,0,1,0,0,0,0,0,0,0,0,0,0,"grass & sedge","3","woods, E MN",,,,,,,,,0,0,1,0,0,1,0,0,1,0,0,1,0,,,,,,,,,,,,,,,,,,,,,,,,
"Carex","stricta","tussock sedge",0,0,0,0,0,1,0,1,0,0,0,0,1,0,0,0,0,0,"grass & sedge","3","wetlands, throughout MN","2 ft",,,,2,2,,,1,1,1,1,1,1,1,1,1,0,0,1,0,,,,,,,,,,,,,,,,,,,,,,,,
"Carpinus","caroliniana","blue beech",0,1,0,1,0,0,0,0,0,0,0,0,0,0,0,0,0,1,"deciduous tree","3","streamside, east-central MN, SE MN","20-25 ft","12-18 ft","moist, fertile, slightly acidic","partial shade to full sun",20,25,12,18,0,0,0,0,0,1,0,0,1,0,0,1,0,0,0,0,0,1,1,1,1,1,1,1,0,0,0,1,0,0,0,0,1,0,0,0,0
"Carya","cordiformis","bitternut hickory",0,0,0,0,0,0,0,0,0,0,0,0,0,0,0,0,0,0,"deciduous tree","4, trial in 3","lowlands, SE MN",,,,,,,,,0,0,0,0,0,0,0,0,1,0,0,1,1,,,,,,,,,,,,,,,,,,,,,,,,
"Carya","ovata","shagbark hickory",0,1,0,0,0,0,0,0,0,0,0,0,0,0,0,0,0,0,"deciduous tree","4","streamside, hillsides, far SE MN","60-100 ft","40-60 ft","well-drained","full sun",60,100,40,60,0,0,0,0,0,0,0,0,1,0,0,0,1,0,0,0,0,0,0,0,0,0,0,1,,,,,,,,,,,,,
"Caulophyllum","thalictroides","blue cohosh",0,1,0,0,0,1,0,0,0,0,0,0,0,0,0,0,0,0,"flower & groundcover","3","woods, bottomlands, throughout MN","1-3 ft",,"moist, well-drained, humus-rich","partial shade to full shade",1,3,,,1,1,1,1,1,1,1,1,1,0,0,1,0,0,0,1,1,1,0,0,0,0,0,0,0,0,0,1,0,0,,,,,,,
"Ceanothus","americanus","New Jersey tea",1,0,0,0,1,0,1,0,1,0,0,0,0,0,0,0,0,0,"deciduous shrub & small tree","4, trial in 3","prairies, oak savannas, woodland edges, S MN, E MN","2-3 ft","2-3 ft","well-drained, sandy","full sun to partial shade",2,3,2,3,0,0,1,0,0,1,1,1,1,0,0,1,1,0,0,0,0,1,1,1,1,1,1,1,,,,,,,,,,,,,
"Celastrus","scandens","American bittersweet",0,0,0,0,0,0,0,0,0,0,0,0,0,0,0,0,0,0,"vine","3","clearings, thickets, throughout MN","25 ft",,"moist, well-drained","full sun to light shade",25,25,,,1,1,1,1,1,1,1,1,1,0,0,1,0,0,0,0,0,0,1,1,1,1,1,1,0,0,0,1,0,0,,,,,,,
"Celtis","occidentalis","hackberry",0,1,0,0,0,0,1,0,0,0,0,0,0,0,0,0,0,0,"deciduous tree","3","S MN, W MN","40-70 ft","20-65 ft","moist, well-drained","full sun to partial shade",40,70,20,65,1,0,0,1,0,0,1,1,1,0,0,1,0,0,0,0,0,1,1,1,1,1,1,1,0,0,0,1,0,0,,,,,,,
"Cephalanthus","occidentalis","buttonbush",0,0,0,0,1,0,1,0,0,0,0,0,1,1,0,0,0,0,"deciduous shrub & small tree","4","swamps, streamside, SE MN","3-8 ft","3-6 ft","moist to wet, fertile",,3,8,3,6,0,0,0,0,0,0,0,0,1,0,0,0,1,,,,,,,,,,,,0,0,0,1,1,0,,,,,,,
"Chamaedaphne","calyculata","leather leaf",0,0,1,0,0,0,0,0,0,0,0,0,0,0,0,0,0,0,"deciduous shrub & small tree","2","NE MN","1-4 ft",,"acidic, peaty, sandy, moist",,1,4,,,0,0,1,0,0,0,0,0,0,0,1,0,0,,,,,,,,,,,,0,0,0,1,0,0,1,0,0,0,0,0,0
"Cheilanthes","lanosa","hairy lip fern",0,0,0,0,0,0,0,0,0,0,0,0,0,1,0,0,0,0,"fern","4","east-central MN","8 in",,,"full sun to light shade",0.666666666666667,0.666666666666667,,,0,0,0,0,0,1,0,0,0,0,0,0,1,0,0,0,0,0,1,1,1,1,1,1,,,,,,,,,,,,,
"Chelone","glabra","white turtlehead",0,0,0,0,0,0,1,0,1,0,0,0,0,1,0,0,0,0,"flower & groundcover","3","prairies, open woods, E MN","1-3 ft",,"moist to wet, rich","full sun to light shade",1,3,,,0,0,1,0,0,1,0,0,1,0,0,1,0,0,0,0,0,0,1,1,1,1,1,1,0,0,0,1,1,0,,,,,,,
"Chelone","obliqua","purple turtlehead",0,0,0,0,0,0,0,0,1,0,0,0,0,1,0,0,0,0,"flower & groundcover","4","woods, marshes, S MN","1-3 ft",,"moist to wet, humus-rich","full sun to partial shade",1,3,,,0,0,0,0,0,0,1,1,1,0,0,0,1,0,0,0,0,1,1,1,1,1,1,1,0,0,0,1,1,0,,,,,,,
"Claytonia","caroliniana","Carolina spring beauty",0,0,0,0,0,0,0,0,0,0,0,0,0,0,0,0,0,0,"flower & groundcover","3","S-facing slopes, E-facing slopes, mesic hardwood forest, Lake Superior MN",,,,,,,,,0,0,1,0,0,0,0,0,0,0,0,1,0,,,,,,,,,,,,,,,,,,,,,,,,
"Claytonia","virginica","Virginia spring beauty",0,1,0,0,0,1,0,0,0,0,0,0,0,0,0,0,1,0,"flower & groundcover","3","woods, by streams, E MN","6-8 in",,"moist, rich","light shade to spring sun",0.5,0.666666666666667,,,0,0,1,0,0,1,0,0,1,0,0,1,0,0,0,0,0,0,1,1,1,0,0,0,0,0,0,1,0,0,,,,,,,
"Clematis","occidentalis","western blue virgin's bower",0,0,0,0,0,0,0,0,0,0,0,0,0,0,0,0,0,0,"vine","3","pine forests, far NE MN, SE MN","20 ft",,"acidic","shade",20,20,,,0,0,1,0,0,0,0,0,1,0,0,1,0,0,0,1,0,0,0,0,0,0,0,0,,,,,,,1,0,0,0,0,0,0
"Clematis","virginiana","virgin's bower",0,1,0,0,0,0,0,0,0,0,0,0,0,0,0,0,0,1,"vine","3","open woods, thickets, throughout MN","20 ft",,"well-drained","full sun to light shade",20,20,,,1,1,1,1,1,1,1,1,1,0,0,1,0,0,0,0,0,0,1,1,1,1,1,1,,,,,,,,,,,,,
"Clintonia","borealis","bluebead lily",0,0,1,0,0,0,0,0,0,0,0,0,0,0,0,0,0,0,"flower & groundcover","2","coniferous woods, NE MN","6-15 in",,"acidic, moist, humus-rich","partial shade to deep shade",0.5,1.25,,,0,0,1,0,0,0,0,0,0,0,1,0,0,1,1,1,1,1,0,0,0,0,0,0,0,0,0,1,0,0,1,0,0,0,0,0,0
"Comptonia","peregrina","sweet fern",0,0,1,0,0,0,0,0,0,0,0,0,0,0,1,0,0,0,"deciduous shrub & small tree","3, trial in 2","NE MN","1-4 ft","2-3 ft","dry, sandy, acidic",,1,4,2,3,0,0,1,0,0,0,0,0,0,0,1,1,0,,,,,,,,,,,,1,0,0,0,0,0,1,0,0,0,0,0,0
"Coreopsis","palmata","stiff tickseed",1,0,0,1,0,0,1,0,0,1,0,0,0,0,0,0,0,0,"flower & groundcover","4","prairies, central MN, SE MN","2-3 ft",,"moist to dry","full sun to light shade",2,3,,,0,0,0,0,1,0,0,0,1,0,0,0,1,0,0,0,0,0,1,1,1,1,1,1,1,1,1,1,0,0,,,,,,,
"Cornus","alternifolia","pagoda dogwood",0,0,1,0,1,1,1,0,0,0,0,0,0,0,0,0,0,1,"deciduous shrub & small tree","3","open woodlands, E 2/3 MN","20-25 ft","20-25 ft","cool, moist, slightly acidic","partial shade",20,25,20,25,0,1,1,0,1,1,0,1,1,0,0,1,0,0,0,0,0,1,0,0,0,0,0,0,0,0,0,1,0,0,0,0,1,0,0,0,0
"Cornus","canadensis","bunchberry",0,0,1,0,0,1,1,0,0,0,0,0,0,1,0,0,0,1,"flower & groundcover","1","woodlands, bogs, NE MN","4-8 in",,"moist, acidic, humus-rich","light shade",0.333333333333333,0.666666666666667,,,0,0,1,0,0,0,0,0,0,1,0,0,0,0,0,0,0,0,1,0,0,0,0,0,0,0,0,1,0,0,1,0,0,0,0,0,0
"Cornus","racemosa","gray dogwood",1,0,1,0,0,1,1,0,0,0,0,0,0,1,0,0,0,1,"deciduous shrub & small tree","4, trial in 3","open woods, throughout MN","8-12 ft","10 ft","moist, cool","full sun to partial shade",8,12,10,10,1,1,1,1,1,1,1,1,1,0,0,1,1,0,0,0,0,1,1,1,1,1,1,1,0,0,0,1,0,0,,,,,,,
"Cornus","rugosa","round-leaved dogwood",0,0,1,0,0,1,1,0,0,0,0,0,0,0,0,0,0,1,"deciduous shrub & small tree","2","woodlands, all but SW and W MN","10 ft",,,,10,10,,,0,1,1,0,1,1,0,1,1,0,1,0,0,,,,,,,,,,,,,,,,,,,,,,,,
"Cornus","stolonifera","red-osier dogwood",1,0,1,0,0,1,1,0,0,0,0,0,0,1,0,0,0,1,"deciduous shrub & small tree","3","swamps, low meadows, forest openings, forest margins, throughout MN","10-12 ft",,,,10,12,,,1,1,1,1,1,1,1,1,1,0,0,1,0,,,,,,,,,,,,,,,,,,,,,,,,
"Corylus","americana","American hazelnut",1,0,1,0,0,0,0,0,0,0,0,0,0,0,0,0,0,0,"deciduous shrub & small tree","3","all but SW MN","10 ft","6 ft","well-drained, loamy","full sun to light shade",10,10,6,6,1,1,1,1,1,1,0,1,1,0,0,1,0,0,0,0,0,0,1,1,1,1,1,1,,,,,,,,,,,,,
"Corylus","cornuta","beaked hazelnut",0,0,1,0,0,0,0,0,0,0,0,0,0,0,0,0,0,0,"deciduous shrub & small tree","2","all but SW MN","10 ft","6 ft","well-drained, loamy","full sun to light shade",10,10,6,6,1,1,1,1,1,1,0,1,1,0,1,0,0,0,0,0,0,0,1,1,1,1,1,1,,,,,,,,,,,,,
"Crataegus","mollis","downy hawthorn",0,0,0,0,0,0,0,0,0,0,0,0,0,0,0,0,0,0,"deciduous tree","3","throughout MN","20-30 ft",,,,20,30,,,1,1,1,1,1,1,1,1,1,0,0,1,0,,,,,,,,,,,,,,,,,,,,,,,,
"Cypripedium","calceolus","yellow lady's slipper",0,0,1,0,0,0,0,0,0,0,0,0,0,0,0,0,0,0,"flower & groundcover","3","bogs, woods, N-facing slopes, NE MN","12-24 in",,"wet, humus-rich","light shade",1,2,,,0,0,1,0,0,0,0,0,0,0,0,1,0,0,0,0,0,0,1,0,0,0,0,0,0,0,0,0,1,0,,,,,,,
"Cystopteris","bulbifera","bulblet fern",0,0,0,0,0,0,0,0,0,0,1,0,0,1,0,0,0,0,"fern","3","woods, streamside, E MN","12-30 in",,"moist, rich, slightly alkaline","shade",1,2.5,,,0,0,1,0,0,1,0,0,1,0,0,1,0,0,0,1,0,0,0,0,0,0,0,0,0,0,0,1,0,0,0,0,0,0,1,0,0
"Cystopteris","protrusa","protruding fragile fern",0,0,0,0,0,0,0,0,0,0,0,0,0,1,0,0,0,0,"fern","4","slopes, SE MN","10-12 in",,"slightly acidic to neutral, moist","shade",0.833333333333333,1,,,0,0,0,0,0,0,0,0,1,0,0,0,1,0,0,1,0,0,0,0,0,0,0,0,0,0,0,1,0,0,0,0,1,1,0,0,0
"Dalea","candida","white prairie clover",1,0,0,0,0,0,0,0,0,0,0,0,0,0,0,0,0,0,"flower & groundcover","3","prairies, savannas, SW MN","3-4 ft",,,,3,4,,,0,0,0,0,0,0,1,0,0,0,0,1,0,,,,,,,,,,,,,,,,,,,,,,,,
"Dalea","purpurea","purple prairie clover",1,0,0,0,1,0,1,0,0,1,0,0,0,0,0,0,0,0,"flower & groundcover","3","prairies, savannas, open woods, SW MN","2-3 ft",,"moist to dry","full sun",2,3,,,0,0,0,0,0,0,1,0,0,0,0,1,0,0,0,0,0,0,0,0,0,0,0,1,1,1,1,1,0,0,,,,,,,
"Delphinium","carolinianum","prairie larkspur",0,0,0,0,0,0,0,0,0,0,0,0,0,0,0,0,0,0,"flower & groundcover","3","prairies, savannas, woodland edges, SW MN","3-5 ft",,"sandy, well-drained","full sun to light shade",3,5,,,0,0,0,0,0,0,1,0,0,0,0,1,0,0,0,0,0,0,1,1,1,1,1,1,,,,,,,,,,,,,
"Dentaria","laciniata","cut-leaved toothwort",0,1,0,0,0,1,0,0,0,0,0,0,0,0,0,0,0,0,"flower & groundcover","3","deciduous woods, bottomlands, streamside, SE MN","4-12 in",,"moist, humus-rich","deep shade to spring sun",0.333333333333333,1,,,0,0,0,0,0,0,0,0,1,0,0,1,0,1,1,1,1,1,1,1,1,0,0,0,0,0,0,1,0,0,,,,,,,
"Deschampsia","caespitosa","tufted hair grass",0,0,0,0,0,0,0,0,0,0,0,0,0,1,0,0,0,0,"grass & sedge","4","wetlands, lakeshores, N MN","3-4 ft",,"moist","full sun to partial shade",3,4,,,1,1,1,0,0,0,0,0,0,0,0,0,1,0,0,0,0,1,1,1,1,1,1,1,0,0,0,1,0,0,,,,,,,
"Desmodium","canadense","showy tick trefoil, Canada tick trefoil",1,0,0,0,0,0,0,0,0,0,0,0,0,0,0,0,0,0,"flower & groundcover","3","prairies, woodland openings, SW MN","2-4 ft",,"clay, rich, well-drained to slightly damp","full sun to light shade",2,4,,,0,0,0,0,0,0,1,0,0,0,0,1,0,0,0,0,0,0,1,1,1,1,1,1,,,,,,,,,,,,,
"Dicentra","canadensis","squirrel corn",0,0,0,0,0,1,0,0,0,0,0,0,0,0,0,0,1,0,"flower & groundcover","4","deciduous forest, SE MN","6-12 in",,"moist, humus-rich","full sun to light shade",0.5,1,,,0,0,0,0,0,0,0,0,1,0,0,0,1,0,0,0,0,0,1,1,1,1,1,1,0,0,0,1,0,0,,,,,,,
"Dicentra","cucullaria","Dutchman's breeches",0,1,0,1,0,1,0,0,0,0,0,0,0,0,0,0,1,0,"flower & groundcover","3","rocky deciduous woods, all but NW MN","6-12 in",,"moist to dry","shade to spring sun",0.5,1,,,0,1,1,1,1,1,1,1,1,0,0,1,0,0,0,1,1,1,1,1,1,0,0,0,1,1,1,1,0,0,,,,,,,
"Diervilla","lonicera","bush honeysuckle",0,0,0,0,0,0,0,0,0,0,0,0,0,0,0,0,0,0,"deciduous shrub & small tree","3, trial in 2","rocky sites, E MN","2-3 ft","2-3 ft","well-drained, organic","full sun to partial shade",2,3,2,3,0,0,1,0,0,1,0,0,1,0,1,1,0,0,0,0,0,1,1,1,1,1,1,1,,,,,,,,,,,,,
"Dirca","palustris","leatherwood",0,0,1,1,1,1,0,0,0,0,0,0,0,0,0,0,0,1,"deciduous shrub & small tree","2","woodlands, swamp margins, E MN","3-6 ft","4-6 ft","moist, slightly acidic","partial shade to heavy shade",3,6,4,6,0,0,1,0,0,1,0,0,1,0,1,0,0,0,1,1,1,1,0,0,0,0,0,0,0,0,0,1,0,0,0,0,1,0,0,0,0
"Dodecatheon","meadia","prairie shooting star",1,1,0,0,0,0,0,0,0,1,1,0,0,0,0,0,0,0,"flower & groundcover","4","woods, mesic calcareous prairies, SE MN","10-20 in",,"rich","light shade to spring sun",0.833333333333333,1.66666666666667,,,0,0,0,0,0,0,0,0,1,0,0,0,1,0,0,0,0,0,1,1,1,0,0,0,,,,,,,,,,,,,
"Dryopteris","carthusiana","spinulose shield fern",0,0,0,0,0,0,0,0,0,0,0,0,0,1,0,0,0,0,"fern","3","woods, throughout MN",,,"moist, acidic","partial shade",,,,,1,1,1,1,1,1,1,1,1,0,0,1,0,0,0,0,0,1,0,0,0,0,0,0,0,0,0,1,0,0,1,0,0,0,0,0,0
"Dryopteris","cristata","crested fern",0,0,1,0,0,0,0,0,0,0,0,0,0,1,0,0,0,0,"fern","3","woodlands, NE MN","18-30 in",,"moist","light shade",1.5,2.5,,,0,0,1,0,0,0,0,0,0,0,0,1,0,0,0,0,0,0,1,0,0,0,0,0,0,0,0,1,0,0,,,,,,,
"Dryopteris","goldiana","Goldie's fern",0,0,0,0,0,0,0,0,0,0,0,0,0,1,0,0,0,0,"fern","4","woods, ravines, SE MN","3-5 ft",,"moist, slightly acidic, humus-rich","shade",3,5,,,0,0,0,0,0,0,0,0,1,0,0,0,1,0,0,1,0,0,0,0,0,0,0,0,0,0,0,1,0,0,0,0,1,0,0,0,0
"Dryopteris","marginalis","marginal shield fern",0,0,0,0,0,1,0,0,0,0,1,0,0,1,0,0,0,0,"fern","4","woods, SE MN","18-24 in",,"cool","shade",1.5,2,,,0,0,0,0,0,0,0,0,1,0,0,0,1,0,0,1,0,0,0,0,0,0,0,0,,,,,,,,,,,,,
"Echinacea","angustifolia","narrow-leaved purple coneflower",1,0,0,1,1,0,1,0,0,0,0,0,0,0,0,1,0,0,"flower & groundcover","3","open woods, savannas, prairies, SW MN, W MN","1-3 ft",,"average to rich","full sun to light shade",1,3,,,1,0,0,1,0,0,1,0,0,0,0,1,0,0,0,0,0,0,1,1,1,1,1,1,,,,,,,,,,,,,
"Elaeagnus","commutata","silverberry",0,0,0,1,0,0,0,0,0,0,0,0,0,0,0,0,0,0,"deciduous shrub & small tree","2","NW MN","6-10 ft","6-8 ft","well-drained, low-fertility","full sun",6,10,6,8,1,0,0,0,0,0,0,0,0,0,1,0,0,0,0,0,0,0,0,0,0,0,0,1,,,,,,,,,,,,,
"Elymus","canadensis","nodding wild rye",1,0,0,0,0,0,0,0,0,0,0,0,0,0,0,0,0,0,"grass & sedge","3","mesic prairies, open woodlands, throughout MN","3-6 ft",,"well-drained, moist","full sun to full shade",3,6,,,1,1,1,1,1,1,1,1,1,0,0,1,0,0,0,1,1,1,1,1,1,1,1,1,0,0,0,1,0,0,,,,,,,
"Elymus","hystrix","bottlebrush grass",0,0,0,0,0,0,0,0,0,0,0,0,0,0,0,0,0,0,"grass & sedge","3","oak savannas, throughout MN",,,,,,,,,1,1,1,1,1,1,1,1,1,0,0,1,0,,,,,,,,,,,,,,,,,,,,,,,,
"Elymus","virginicus","Virginia wild rye",0,0,0,0,0,0,0,0,0,0,0,0,0,0,0,0,0,0,"grass & sedge","3","oak savannas, throughout MN, wooded openings, forest edges","3-5 ft",,"moist",,3,5,,,1,1,1,1,1,1,1,1,1,0,0,1,0,,,,,,,,,,,,0,0,0,1,0,0,,,,,,,
"Epilobium","angustifolium","fireweed",0,0,0,0,0,0,0,0,1,0,0,0,0,1,0,0,0,0,"flower & groundcover","2","open areas, NE MN","3-6 ft",,"moist, well-drained","full sun",3,6,,,0,0,1,0,0,0,0,0,0,0,1,0,0,0,0,0,0,0,0,0,0,0,0,1,0,0,0,1,0,0,,,,,,,
"Epigaea","repens","trailing arbutus",0,0,1,0,0,0,0,0,0,0,0,0,0,0,0,0,0,0,"deciduous shrub & small tree","2","NE MN","1 ft",,"acidic, sandy",,1,1,,,0,0,1,0,0,0,0,0,0,0,1,0,0,,,,,,,,,,,,,,,,,,1,0,0,0,0,0,0
"Equisetum","hyemale","tall scouring rush",0,0,0,0,0,0,0,0,0,0,0,0,0,1,0,0,0,0,"flower & groundcover","2","near streams, all but far SE MN","20-36 in",,"moist, slightly acidic","partial shade to full sun",1.66666666666667,3,,,1,1,1,1,1,1,1,1,0,0,1,0,0,0,0,0,0,1,1,1,1,1,1,1,0,0,0,1,0,0,0,0,1,0,0,0,0
"Eryngium","yuccifolium","rattlesnake master",1,0,0,1,1,0,1,0,0,0,0,0,0,0,0,0,0,0,"flower & groundcover","4","open woods, mesic prairies, S MN","2-3 ft",,"average to rich, moist, well-drained","full sun",2,3,,,0,0,0,0,0,0,1,1,1,0,0,0,1,0,0,0,0,0,0,0,0,0,0,1,0,0,0,1,0,0,,,,,,,
"Erythronium","albidum","white trout lily",0,0,0,0,0,1,0,0,0,0,0,0,0,0,0,0,1,0,"flower & groundcover","3","deciduous woods, SE MN",,,"moist, rich, neutral","light shade to shade",,,,,0,0,0,0,0,0,0,0,1,0,0,1,0,0,0,1,1,1,1,0,0,0,0,0,0,0,0,1,0,0,0,0,0,1,0,0,0
"Erythronium","americanum","yellow trout lily",0,1,0,0,0,1,0,0,0,0,0,0,0,0,0,0,1,0,"flower & groundcover","3","woods, streamside, SE MN","4-10 in",,"moist, rich","shade to spring sun",0.333333333333333,0.833333333333333,,,0,0,0,0,0,0,0,0,1,0,0,1,0,0,0,1,1,1,1,1,1,0,0,0,0,0,0,1,0,0,,,,,,,
"Eupatorium","maculatum","spotted Joe-pye weed",0,0,0,0,1,0,0,0,0,1,0,0,0,1,0,0,0,0,"flower & groundcover","3","prairies, throughout MN","24-72 in",,"wet, average","full sun",2,6,,,1,1,1,1,1,1,1,1,1,0,0,1,0,0,0,0,0,0,0,0,0,0,0,1,0,0,0,0,1,0,,,,,,,
"Eupatorium","perfoliatum","common boneset",0,0,0,0,1,0,0,0,0,1,0,0,0,1,0,0,0,0,"flower & groundcover","3","prairies, swamp edges, throughout MN","2-4 ft",,"moist to wet","full sun",2,4,,,1,1,1,1,1,1,1,1,1,0,0,1,0,0,0,0,0,0,0,0,0,0,0,1,0,0,0,1,1,0,,,,,,,
"Eupatorium","purpureum","sweet joe-pye weed",1,0,0,0,1,0,0,0,0,1,0,0,0,1,0,0,0,0,"flower & groundcover","3","wet slopes, prairies, woodland edges, E MN","3-6 ft",,"moist, average to rich","full sun to light shade",3,6,,,0,0,1,0,0,1,0,0,1,0,0,1,0,0,0,0,0,0,1,1,1,1,1,1,0,0,0,1,0,0,,,,,,,
"Eupatorium","rugosum","white snakeroot",0,0,0,0,1,0,0,0,0,1,0,0,0,1,0,0,0,0,"flower & groundcover","3","open woods, S MN","3-4 ft",,"dry","partial shade",3,4,,,0,0,0,0,0,0,1,1,1,0,0,1,0,0,0,0,0,1,0,0,0,0,0,0,1,0,0,0,0,0,,,,,,,
"Euphorbia","corollata","flowering spurge",1,0,0,1,0,0,0,0,0,1,0,0,0,0,1,1,0,0,"flower & groundcover","3","open woods, savannas, prairies, SE MN","2-4 ft",,"poor to average, well-drained","full sun to partial shade",2,4,,,0,0,0,0,0,0,0,0,1,0,0,1,0,0,0,0,0,1,1,1,1,1,1,1,,,,,,,,,,,,,
"Euphorbia","marginata","snow-on-the-mountain",0,0,0,0,0,0,0,0,0,0,0,0,0,0,0,0,0,0,"flower & groundcover","3","prairies, S MN",,,"dry, poor","full sun",,,,,0,0,0,0,0,0,1,1,1,0,0,1,0,0,0,0,0,0,0,0,0,0,0,1,1,0,0,0,0,0,,,,,,,
"Euonymus","atropurpurea","wahoo",0,0,0,0,0,0,0,0,0,0,0,0,0,0,0,0,0,0,"deciduous shrub & small tree","2","streamside, riverside, floodplains, SE MN","20-25 ft","10-12 ft","rich, moist, slightly acidic, humus-rich","full sun to partial shade",20,25,10,12,0,0,0,0,0,0,0,0,1,0,1,0,0,0,0,0,0,1,1,1,1,1,1,1,0,0,0,1,0,0,0,0,1,0,0,0,0
"Fragaria","virginiana","wild strawberry",0,0,0,0,0,0,1,0,0,0,0,0,0,0,1,0,0,0,"flower & groundcover","2","open woods, savannas, prairies, throughout MN","6 in",,"average to dry","full sun to partial sun",0.5,0.5,,,1,1,1,1,1,1,1,1,1,0,1,0,0,0,0,0,0,0,0,0,0,1,1,1,1,1,0,0,0,0,,,,,,,
"Fraxinus","americana","white ash",0,1,0,1,0,0,0,0,0,0,0,0,0,0,0,0,0,0,"deciduous tree","4, protected spots in 3","uplands, east-central MN, SE MN","50-95 ft",,"rich, moist","full sun",50,95,,,0,0,0,0,0,1,0,0,1,0,0,1,1,0,0,0,0,0,0,0,0,0,0,1,0,0,0,1,0,0,,,,,,,
"Fraxinus","nigra","black ash",0,1,0,1,0,0,0,0,0,0,0,0,0,1,0,0,0,0,"deciduous tree","2","deciduous forest, coniferous forest, wetlands, all but SW MN",,,,,,,,,1,1,1,1,1,1,0,1,1,0,1,0,0,,,,,,,,,,,,,,,,,,,,,,,,
"Fraxinus","pennsylvanica","green ash",0,1,0,1,0,0,0,0,0,0,0,0,0,1,0,0,0,0,"deciduous tree","3","deciduous forest, throughout MN","50-65 ft","30-50 ft","moist, well-drained",,50,65,30,50,1,1,1,1,1,1,1,1,1,0,0,1,0,,,,,,,,,,,,0,0,0,1,0,0,,,,,,,
"Gaillardia","aristata","blanket flower",0,0,0,0,1,0,1,0,0,1,0,0,0,0,0,1,0,0,"flower & groundcover","2","prairies, far NW MN","18-24 in",,"average to poor","full sun",1.5,2,,,1,0,0,0,0,0,0,0,0,0,1,0,0,0,0,0,0,0,0,0,0,0,0,1,,,,,,,,,,,,,
"Gaillardia","x grandiflora","blanket flower",0,0,0,0,1,0,1,0,0,1,0,0,0,0,0,1,0,0,"flower & groundcover","4",,,,,,,,,,,,,,,,,,,0,0,0,1,,,,,,,,,,,,,,,,,,,,,,,,
"Galium","boreale","northern bedstraw",0,0,0,0,0,0,0,0,0,0,0,0,0,0,0,0,0,0,"flower & groundcover","2","prairies, open woodlands, throughout MN","12 in",,"any","full sun to partial shade",1,1,,,1,1,1,1,1,1,1,1,1,0,1,0,0,0,0,0,0,1,1,1,1,1,1,1,,,,,,,,,,,,,
"Gaultheria","hispidula","creeping snowberry",0,0,0,0,0,0,0,0,0,0,0,0,0,0,0,0,0,0,"flower & groundcover","3","bogs, coniferous woods, mossy logs, NE MN","3-12 in",,"moist, rich, acidic","full shade",0.25,1,,,0,0,1,0,0,0,0,0,0,0,0,1,0,0,0,1,0,0,0,0,0,0,0,0,0,0,0,1,0,0,1,0,0,0,0,0,0
"Gaultheria","procumbens","wintergreen",0,0,1,0,0,0,0,0,0,0,1,0,0,0,0,0,0,0,"flower & groundcover","3","woods, outcroppings, forested bogs, NE MN","2-6 in",,"acidic, moderate humus","partial shade",0.166666666666667,0.5,,,0,0,1,0,0,0,0,0,0,0,0,1,0,0,0,0,0,1,0,0,0,0,0,0,,,,,,,1,0,0,0,0,0,0
"Gaura","biennis","biennial guara",0,0,0,0,0,0,0,0,0,0,0,0,0,0,0,0,0,0,"flower & groundcover","4","mesic prairies, savannas, grassy openings, far SE MN",,,,,,,,,0,0,0,0,0,0,0,0,1,0,0,0,1,,,,,,,,,,,,,,,,,,,,,,,,
"Gaura","coccinea","scarlet guara",0,0,0,0,0,0,0,0,0,0,0,0,0,0,0,0,0,0,"flower & groundcover","3","prairies, savannas, W MN","2 ft",,"average to rich, well-drained","full sun",2,2,,,1,0,0,1,0,0,1,0,0,0,0,1,0,0,0,0,0,0,0,0,0,0,0,1,,,,,,,,,,,,,
"Gentiana","andrewsii","bottle gentian",1,0,0,0,1,0,0,0,0,0,0,0,0,1,0,0,0,0,"flower & groundcover","3","woods, prairies, marshes, throughout MN","1-3 ft",,"sandy loam, humus-rich, moist","full sun to partial shade",1,3,,,1,1,1,1,1,1,1,1,1,0,0,1,0,0,0,0,0,1,1,1,1,1,1,1,0,0,0,1,0,0,,,,,,,
"Gentiana","flavida","yellowish gentian",0,0,0,0,1,0,0,0,0,0,0,0,0,0,0,0,0,0,"flower & groundcover","3","prairies, open woods, SE MN","1-2 ft",,"moist",,1,2,,,0,0,0,0,0,0,0,0,1,0,0,1,0,,,,,,,,,,,,0,0,0,1,0,0,,,,,,,
"Gentianopsis","crinita","greater fringed gentian",0,0,0,0,0,0,0,0,0,0,0,0,0,0,0,0,0,0,"flower & groundcover","4","open sites, throughout MN","1-3 ft",,"moist to wet",,1,3,,,1,1,1,1,1,1,1,1,1,0,0,0,1,,,,,,,,,,,,0,0,0,1,1,0,,,,,,,
"Geranium","maculatum","wild geranium",1,1,0,1,0,0,0,0,0,0,0,0,0,0,0,0,1,0,"flower & groundcover","3","open deciduous woods, bottomlands, prairies, savannas, SE MN","12-24 in",,"moist, rich","partial sun to light shade",1,2,,,0,0,0,0,0,0,0,0,1,0,0,1,0,0,0,0,0,0,1,1,1,1,0,0,0,0,0,1,0,0,,,,,,,
"Geum","rivale","purple avens",0,0,0,0,1,0,0,0,0,1,0,0,0,0,0,0,0,0,"flower & groundcover","2","bogs, low woods, prairies, NE MN","1-2 ft",,"moist",,1,2,,,0,0,1,0,0,0,0,0,0,0,1,0,0,,,,,,,,,,,,0,0,0,1,0,0,,,,,,,
"Geum","triflorum","prairie smoke",1,0,0,0,1,0,0,0,0,1,0,0,0,0,0,1,0,0,"flower & groundcover","2","prairies, savannas, SW MN","6-16 in",,"dry, average, well-drained","full sun to light shade",0.5,1.33333333333333,,,0,0,0,0,0,0,1,0,0,0,1,0,0,0,0,0,0,0,1,1,1,1,1,1,1,0,0,0,0,0,,,,,,,
"Gleditsia","tracanthos","honey locust",0,1,0,1,0,0,0,0,0,0,0,0,0,0,0,0,0,0,"deciduous tree","4","far SE MN","35-60 ft","25-40 ft","rich, moist","full sun",35,60,25,40,0,0,0,0,0,0,0,0,1,0,0,0,1,0,0,0,0,0,0,0,0,0,0,1,0,0,0,1,0,0,,,,,,,
"Glyceria","canadensis","rattlesnake grass",0,0,0,0,0,0,0,0,0,0,0,0,1,0,0,0,0,0,"grass & sedge","3","shallow water, lakes, ponds, NE MN",,,,,,,,,0,0,1,0,0,0,0,0,0,0,0,1,0,,,,,,,,,,,,,,,,,,,,,,,,
"Glyceria","grandis","tall manna grass",0,0,0,0,0,0,0,0,0,0,0,0,1,0,0,0,0,0,"grass & sedge","3","shallow water, lake margins, throughout MN","4-6 ft",,,,4,6,,,1,1,1,1,1,1,1,1,1,0,0,1,0,,,,,,,,,,,,,,,,,,,,,,,,
"Glyceria","striata","fowl manna grass",0,0,0,0,0,0,0,0,0,0,0,0,1,0,0,0,0,0,"grass & sedge","3","forests, swamps, lake edges, throughout MN","2-3 ft",,"moist to wet","partial sun to full shade",2,3,,,1,1,1,1,1,1,1,1,1,0,0,1,0,0,0,1,1,1,1,1,1,1,0,0,0,0,0,1,1,0,,,,,,,
"Gymnocladus","dioica","Kentucky coffee tree",0,1,0,0,0,0,0,0,0,0,0,0,0,0,0,0,0,1,"deciduous tree","4, trial in 3","river valleys, S MN","45-80 ft","50 ft","moist, rich","full sun",45,80,50,50,0,0,0,0,0,0,1,1,1,0,0,1,1,0,0,0,0,0,0,0,0,0,0,1,0,0,0,1,0,0,,,,,,,
"Hamamelis","virginiana","witch hazel",0,0,0,1,0,1,0,0,0,0,0,0,0,0,0,0,0,0,"deciduous shrub & small tree","4, trial in 3","sheltered ravines, SE MN","10-12 ft","10-12 ft","moist","full sun to partial shade",10,12,10,12,0,0,0,0,0,0,0,0,1,0,0,1,1,0,0,0,0,1,1,1,1,1,1,1,0,0,0,1,0,0,,,,,,,
"Helenium","autumnale","autumn sneezeweed",0,0,0,0,1,0,0,0,0,0,0,0,0,1,0,1,0,0,"flower & groundcover","3","low woods, prairies, all but far NE MN","3-5 ft",,"damp, fertile",,3,5,,,1,1,0,1,1,1,1,1,1,0,0,1,0,,,,,,,,,,,,,,,,,,,,,,,,
"Helianthus","giganteus","giant sunflower",0,0,0,0,0,0,1,0,0,0,0,0,0,0,0,0,0,0,"flower & groundcover","3","swamps, prairies, throughout MN","6-10 ft",,,,6,10,,,1,1,1,1,1,1,1,1,1,0,0,1,0,,,,,,,,,,,,,,,,,,,,,,,,
"Helianthus","maximiliani","Maximilian sunflower",0,0,0,0,0,0,1,0,0,0,0,0,0,0,0,0,0,0,"flower & groundcover","3","prairies, throughout MN","6-8 ft",,,,6,8,,,1,1,1,1,1,1,1,1,1,0,0,1,0,,,,,,,,,,,,,,,,,,,,,,,,
"Heliopsis","helianthoides","oxeye",1,0,0,0,1,0,1,0,0,0,0,0,0,0,0,1,0,0,"flower & groundcover","3","woodland edges, open woods, prairies, throughout MN","3-5 ft",,"moist to dry, average to rich","full sun to light shade",3,5,,,1,1,1,1,1,1,1,1,1,0,0,1,0,0,0,0,0,0,1,1,1,1,1,1,1,1,1,1,0,0,,,,,,,
"Hepatica","acutiloba","sharp-lobed hepatica",0,1,0,0,0,1,0,0,0,0,1,0,0,0,0,0,1,0,"flower & groundcover","3","deciduous woods, SE MN","3-6 in",,"acidic, humus-rich","light shade to full shade",0.25,0.5,,,0,0,0,0,0,0,0,0,1,0,0,1,0,0,0,1,1,1,1,0,0,0,0,0,,,,,,,1,0,0,0,0,0,0
"Hepatica","americana","round-lobed hepatica",0,0,1,0,0,1,0,0,0,0,1,0,0,0,0,0,1,0,"flower & groundcover","3","uploand woodlands, NE MN","4-6 in",,"moist, humus-rich","light shade to full shade",0.333333333333333,0.5,,,0,0,1,0,0,0,0,0,0,0,0,1,0,0,0,1,1,1,1,0,0,0,0,0,0,0,0,1,0,0,,,,,,,
"Heuchera","richardsonii","alumroot",1,0,0,0,0,0,0,0,0,0,0,0,0,0,1,0,0,0,"flower & groundcover","2","prairies, savannas, open woods, throughout MN","2 ft",,"dry",,2,2,,,1,1,1,1,1,1,1,1,1,0,1,0,0,,,,,,,,,,,,1,0,0,0,0,0,,,,,,,
"Hierochloe","odorata","sweet grass",0,0,0,0,0,0,0,0,0,0,0,0,0,0,0,0,0,0,"grass & sedge","4","meadows, prairies, marsh edges, bogs, stream banks, lakeshores, throughout MN","1-2 ft",,"moist","full sun",1,2,,,1,1,1,1,1,1,1,1,1,0,0,0,1,0,0,0,0,0,0,0,0,0,0,1,0,0,0,1,0,0,,,,,,,
"Hydrastis","canadensis","golden seal",0,0,0,0,0,0,0,0,0,0,0,0,0,0,0,0,0,0,"flower & groundcover","4","deciduous forest, sheltered ravines, talus slopes, SE MN","6-16 in",,,,0.5,1.33333333333333,,,0,0,0,0,0,0,0,0,1,0,0,0,1,,,,,,,,,,,,,,,,,,,,,,,,
"Hydrophyllum","virginianum","Virginia water-leaf",0,1,0,0,0,0,0,0,0,0,0,0,0,0,0,0,0,0,"flower & groundcover","3","woods, openings, throughout MN",,,"moist to wet",,,,,,1,1,1,1,1,1,1,1,1,0,0,1,0,,,,,,,,,,,,0,0,0,1,1,0,,,,,,,
"Ilex","verticillata","winterberry",0,0,1,1,0,0,0,0,0,0,0,0,0,1,0,0,0,1,"deciduous shrub & small tree","3, trial in 2","swamps, woods, E MN","6-10 ft","6-10 ft","acidic, humus-rich, moist to wet","full sun",6,10,6,10,0,0,1,0,0,1,0,0,1,0,1,1,0,0,0,0,0,0,0,0,0,0,0,1,0,0,0,1,1,0,1,0,0,0,0,0,0
"Iris","virginica","southern blue flag",0,0,0,0,0,0,0,0,0,0,0,0,0,1,0,0,0,0,"flower & groundcover","4","pond shores, marshes, SE MN",,,"wet, rich","full sun to light shade",,,,,0,0,0,0,0,0,0,0,1,0,0,0,1,0,0,0,0,0,1,1,1,1,1,1,0,0,0,0,1,0,,,,,,,
"Iris","versicolor","northern blue flag",0,0,0,1,0,0,0,0,0,0,0,0,0,1,0,0,0,0,"flower & groundcover","2","prairies, ponds, shallow marshes, bogs, throughout MN","2-3 ft",,"wet, rich","full sun to light shade",2,3,,,1,1,1,1,1,1,1,1,1,0,1,0,0,0,0,0,0,0,1,1,1,1,1,1,0,0,0,0,1,0,,,,,,,
"Isopyrum","biternatum","false rue anemone",0,1,0,0,0,1,0,0,0,0,0,0,0,0,0,0,1,0,"flower & groundcover","3","deciduous woods, streamside, SE MN","8-12 in",,"humus-rich, moist","light shade to full shade",0.666666666666667,1,,,0,0,0,0,0,0,0,0,1,0,0,1,0,0,0,1,1,1,1,0,0,0,0,0,0,0,0,1,0,0,,,,,,,
"Jeffersonia","diphylla","twinleaf",0,1,0,1,0,1,0,0,0,0,0,0,0,0,0,0,0,0,"flower & groundcover","4","deciduous forest, sheltered ravines, N-facing slopes, E-facing slopes, far SE MN","6-15 in",,"moist, rich, neutral to alkaline","spring sun",0.5,1.25,,,0,0,0,0,0,0,0,0,1,0,0,0,1,0,0,0,0,0,0,0,1,0,0,0,0,0,0,1,0,0,0,0,0,1,1,1,1
"Juglans","cinerea","butternut",0,0,0,0,0,0,0,0,0,0,0,0,0,0,0,0,0,0,"deciduous tree","3","woods, floodplains, rocky slopes, E MN","40-65 ft",,,,40,65,,,0,0,1,0,0,1,0,0,1,0,0,1,0,,,,,,,,,,,,,,,,,,,,,,,,
"Juglans","nigra","black walnut",0,1,0,0,0,0,0,0,0,0,0,0,0,0,0,0,0,0,"deciduous tree","4, trial in 3","bottomlands, hillsides, S MN","50-80 ft","50 ft","neutral to slightly alkaline","full sun",50,80,50,50,0,0,0,0,0,0,1,1,1,0,0,1,1,0,0,0,0,0,0,0,0,0,0,1,,,,,,,0,0,0,1,1,0,0
"Juniperus","communis","bush juniper",0,0,0,1,0,0,0,0,0,0,0,0,0,0,1,0,0,1,"evergreen conifer","2","steep bluffs, river bottoms, swamp margins, all but SW MN","1-3 ft","3-10 ft","neutral to slightly acidic, well-drained","full sun",1,3,3,10,1,1,1,1,1,1,0,1,1,0,1,0,0,0,0,0,0,0,0,0,0,0,0,1,,,,,,,0,0,1,1,0,0,0
"Juniperus","horizontalis","creeping juniper",0,0,0,1,0,0,0,0,0,0,0,0,0,0,1,0,0,1,"evergreen conifer","2","throughout MN","1 ft","3-6 ft",,,1,1,3,6,1,1,1,1,1,1,1,1,1,0,1,0,0,,,,,,,,,,,,,,,,,,,,,,,,
"Juniperus","virginiana","easter red cedar",1,0,0,1,0,0,0,0,0,0,0,0,0,0,1,0,0,1,"evergreen conifer","3","open hillsides, S MN, river bluffs","25-40 ft",,"tough, dry",,25,40,,,0,0,0,0,0,0,1,1,1,0,0,1,0,,,,,,,,,,,,1,0,0,0,0,0,,,,,,,
"Kalmia","polifolia","bog laurel",0,0,1,0,0,0,0,0,0,0,0,0,0,0,0,0,0,0,"deciduous shrub & small tree","2","bogs, NE MN","1.5-2 ft",,"acidic, moist",,1.5,2,,,0,0,1,0,0,0,0,0,0,0,1,0,0,,,,,,,,,,,,0,0,0,1,0,0,1,0,0,0,0,0,0
"Koeleria","macrantha","June grass",0,0,0,0,0,0,0,0,0,0,0,0,0,0,0,0,0,0,"grass & sedge","3","prairies, savannas, all but NE MN","1-2 ft",,,,1,2,,,1,1,0,1,1,1,1,1,1,0,0,1,0,,,,,,,,,,,,,,,,,,,,,,,,
"Larix","laricina","tamarack",0,0,1,1,0,0,0,0,0,0,0,0,0,1,0,0,0,0,"deciduous tree","2","swamps, bogs, coniferous forest, N MN, east-central MN","40-70 ft","20-40 ft","moist","full sun",40,70,20,40,1,1,1,0,0,1,0,0,0,0,1,0,0,0,0,0,0,0,0,0,0,0,0,1,0,0,0,1,0,0,,,,,,,
"Ledum","groenlandicum","labrador tea",0,0,1,0,0,0,1,0,0,0,0,0,0,1,0,0,0,0,"deciduous shrub & small tree","3","NE MN","3 ft","3 ft","acidic, moist",,3,3,3,3,0,0,1,0,0,0,0,0,0,0,0,1,0,,,,,,,,,,,,0,0,0,1,0,0,1,0,0,0,0,0,0
"Lespedeza","capitata","round-headed bush clover",0,0,0,0,0,0,0,0,0,0,0,0,0,0,0,0,0,0,"flower & groundcover","4","prairies, savannas, S MN","30-48 in",,"dry, well-drained, sandy","full sun to very light shade",2.5,4,,,0,0,0,0,0,0,1,1,1,0,0,0,1,0,0,0,0,0,0,1,1,1,1,1,1,0,0,0,0,0,,,,,,,
"Liatris","aspera","rough blazing star",1,0,0,1,1,0,1,0,1,0,0,0,0,0,0,1,0,0,"flower & groundcover","3","prairies, savannas, SW MN","3-5 ft",,"sandy, loamy, moist, well-drained","full sun",3,5,,,0,0,0,0,0,0,1,0,0,0,0,1,0,0,0,0,0,0,0,0,0,0,0,1,0,0,0,1,0,0,,,,,,,
"Liatris","cylindracea","cylindric blazing star",0,0,0,0,1,0,1,0,1,0,0,0,0,0,0,1,0,0,"flower & groundcover","3","prairies, savannas, open woods, SE MN","8-24 in",,"moist, fertile, well-drained","full sun",0.666666666666667,2,,,0,0,0,0,0,0,0,0,1,0,0,1,0,0,0,0,0,0,0,0,0,0,0,1,0,0,0,1,0,0,,,,,,,
"Liatris","ligulistylis","northern plains blazing-star",0,0,0,0,1,0,1,0,1,0,0,0,0,1,0,1,0,0,"flower & groundcover","3","prairies, marsh borders, all but far NE MN","3-5 ft",,"wet",,3,5,,,1,1,0,1,1,1,1,1,1,0,0,1,0,,,,,,,,,,,,0,0,0,0,1,0,,,,,,,
"Liatris","punctata","dotted blazing star",0,0,0,0,1,0,1,0,1,1,0,0,0,0,0,1,0,0,"flower & groundcover","3","prairies, W MN, central MN","8-14 in",,,,0.666666666666667,1.16666666666667,,,1,0,0,1,1,0,1,0,0,0,0,1,0,,,,,,,,,,,,,,,,,,,,,,,,
"Liatris","pycnostachya","great blazing star",1,0,0,0,1,0,1,0,1,0,0,0,0,1,0,1,0,0,"flower & groundcover","3","prairies, savannas, S 2/3 MN","3-5 ft",,"moist, fertile, well-drained","full sun",3,5,,,0,0,0,1,1,1,1,1,1,0,0,1,0,0,0,0,0,0,0,0,0,0,0,1,0,0,0,1,0,0,,,,,,,
"Lilium","michiganense","Michigan lily",1,0,0,0,0,0,0,0,1,0,0,0,0,1,0,0,0,0,"flower & groundcover","4","E MN","3-4 ft",,"wet, rich","full sun to light shade",3,4,,,0,0,1,0,0,1,0,0,1,0,0,0,1,0,0,0,0,0,1,1,1,1,1,1,0,0,0,0,1,0,,,,,,,
"Lilium","philadelphicum","wood lily",0,0,0,0,0,0,0,0,1,0,0,0,0,0,0,0,0,0,"flower & groundcover","3","prairies, open woodlands, throughout MN","1-3 ft",,"dry, average, acidic, well-drained","full sun to partial sun",1,3,,,1,1,1,1,1,1,1,1,1,0,0,1,0,0,0,0,0,0,0,0,0,1,1,1,1,0,0,0,0,0,1,0,0,0,0,0,0
"Linnaea","borealis","twinflower",0,0,1,0,0,0,0,0,0,0,0,0,0,0,0,0,0,0,"flower & groundcover","2","woodlands, bogs, NE MN","3-6 in",,"moist, humus-rich, acidic, peaty","partial shade",0.25,0.5,,,0,0,1,0,0,0,0,0,0,0,1,0,0,0,0,0,0,1,0,0,0,0,0,0,0,0,0,1,0,0,1,0,0,0,0,0,0
"Lobelia","cardinalis","cardinal flower",0,1,0,1,1,1,0,0,1,0,0,0,0,1,0,0,1,0,"flower & groundcover","3","open wet woods, swamps, sandbars in streams, E MN","24-48 in",,"moist to wet, average","partial sun",2,4,,,0,0,1,0,0,1,0,0,1,0,0,1,0,0,0,0,0,0,0,0,0,1,0,0,0,0,0,1,1,0,,,,,,,
"Lobelia","siphilitica","great lobelia",1,0,0,1,1,0,0,0,0,0,0,0,0,1,0,0,0,0,"flower & groundcover","3","bottomlands, riverbanks, SW MN","1-3 ft",,"moist, rich","full sun to light shade",1,3,,,0,0,0,0,0,0,1,0,0,0,0,1,0,0,0,0,0,0,1,1,1,1,1,1,0,0,0,1,0,0,,,,,,,
"Lobelia","spicata","pale-spiked lobelia",0,0,0,1,1,0,0,0,0,0,0,0,0,0,0,0,0,0,"flower & groundcover","3","prairies, clearings, marsh edges, SW MN","24-40 in",,"dry, poor","full sun to light shade",2,3.33333333333333,,,0,0,0,0,0,0,1,0,0,0,0,1,0,0,0,0,0,0,1,1,1,1,1,1,1,0,0,0,0,0,,,,,,,
"Lupinus","perennis","wild lupine",1,0,0,0,1,0,1,1,0,0,0,0,0,0,0,1,0,0,"flower & groundcover","3","band from east-central to SE MN","15-30 in",,"dry, slightly acidic, well-drained","full sun to light shade",1.25,2.5,,,0,0,0,0,1,0,0,0,1,0,0,1,0,0,0,0,0,0,1,1,1,1,1,1,1,0,0,0,0,0,0,0,1,0,0,0,0
"Lysimachia","ciliata","fringed loosestrife",0,0,0,0,0,0,0,0,0,0,0,0,0,1,0,0,0,0,"flower & groundcover","3","streamside, throughout MN","2-3 ft",,"moist, acidic, humus-rich","light shade",2,3,,,1,1,1,1,1,1,1,1,1,0,0,1,0,0,0,0,0,0,1,0,0,0,0,0,0,0,0,1,0,0,1,0,0,0,0,0,0
"Maianthemum","canadense","Canada mayflower",0,1,1,0,0,1,0,0,0,0,0,0,0,0,1,0,1,0,"flower & groundcover","2","woodlands, lakeshores, clearings, all but SW MN","2-4 in",,"moist, acidic, humus-rich","partial shade to deep shade",0.166666666666667,0.333333333333333,,,1,1,1,1,1,1,0,1,1,0,1,0,0,1,1,1,1,1,0,0,0,0,0,0,0,0,0,1,0,0,1,0,0,0,0,0,0
"Matteuccia","struthiopteris","ostrich fern",0,1,1,0,1,1,0,0,0,0,0,0,0,1,0,0,1,0,"fern","4","swamps, woods, throughout MN","2-5 ft",,"cool, wet, slightly acidic","partial sun to full sun",2,5,,,1,1,1,1,1,1,1,1,1,0,0,0,1,0,0,0,0,0,0,0,0,1,1,1,0,0,0,0,1,0,0,0,1,0,0,0,0
"Mertensia","virginica","Virginia bluebells",0,1,0,0,1,1,0,0,1,0,0,0,0,1,0,0,1,0,"flower & groundcover","3","deciduous woods, floodplains, streamside, clearings, SE MN","12-24 in",,"moist, rich","partial sun to shade",1,2,,,0,0,0,0,0,0,0,0,1,0,0,1,0,0,0,1,1,1,1,1,1,1,0,0,0,0,0,1,0,0,,,,,,,
"Mitchella","repens","partridgeberry",0,1,1,0,0,1,0,0,0,0,1,0,0,0,0,0,0,0,"flower & groundcover","3","woodlands, pinelands, clearings, east-central MN","1-3 in",,"moist",,0.0833333333333333,0.25,,,0,0,0,0,0,1,0,0,0,0,0,1,0,,,,,,,,,,,,0,0,0,1,0,0,,,,,,,
"Mitella","diphylla","two-leaved miterwort",0,1,0,0,0,1,0,0,0,0,0,0,0,0,0,0,0,0,"flower & groundcover","3","north-facing bluffs, rocky slopes, SE MN","6-12 in",,"humus-rich, moist, well-drained, neutral to slightly acidic","light shade to full shade",0.5,1,,,0,0,0,0,0,0,0,0,1,0,0,1,0,0,0,1,1,1,1,0,0,0,0,0,0,0,0,1,0,0,0,0,1,1,0,0,0
"Monarda","fistulosa","wild bergamot",1,0,0,1,1,0,1,0,1,0,0,0,0,0,0,1,0,0,"flower & groundcover","3","prairies, clearings, savannas, throughout MN","2-4 ft",,"average to rich, well-drained","full sun to light shade",2,4,,,1,1,1,1,1,1,1,1,1,0,0,1,0,0,0,0,0,0,1,1,1,1,1,1,,,,,,,,,,,,,
"Morus","rubra","red mulberry",0,0,0,0,0,0,0,0,0,0,0,0,0,0,0,0,0,0,"deciduous tree","4","floodplains, SE MN","50 ft",,,,50,50,,,0,0,0,0,0,0,0,0,1,0,0,0,1,,,,,,,,,,,,,,,,,,,,,,,,
"Napaea","dioica","glade mallow",0,0,0,0,0,0,0,0,0,0,0,0,0,0,0,0,0,0,"flower & groundcover","4","riverside, woodland borders, SE MN","6 ft",,"well-drained, humus-rich, moist","full sun to partial sun",6,6,,,0,0,0,0,0,0,0,0,1,0,0,0,1,0,0,0,0,0,0,0,0,1,1,1,0,0,0,1,0,0,,,,,,,
"Nymphaea","odorata","American white water lily",0,0,1,0,0,0,0,0,0,0,0,1,0,0,0,0,0,0,"flower & groundcover","2","ponds, sloughs, marshes, swamps, east-central MN, NE MN",,,"submerged, rich","full sun",,,,,0,0,1,0,0,1,0,0,0,0,1,0,0,0,0,0,0,0,0,0,0,0,0,1,0,0,0,0,0,1,,,,,,,
"Onoclea","sensibilis","sensitive fern",0,1,1,0,0,0,0,0,0,0,0,0,0,1,1,0,0,0,"fern","2","open woods, swamps, N MN, E MN","12-30 in",,"wet to slightly moist, acidic","light shade",1,2.5,,,1,1,1,0,0,1,0,0,1,0,1,0,0,0,0,0,0,0,1,0,0,0,0,0,0,0,1,1,1,0,1,0,0,0,0,0,0
"Opuntia","humifusa","eastern prickly pear",0,0,0,1,0,0,0,0,0,1,0,0,0,0,1,0,0,0,"flower & groundcover","4","prairies, S MN","8-12 in",,"well-drained, sandy","full sun",0.666666666666667,1,,,0,0,0,0,0,0,1,1,1,0,0,0,1,0,0,0,0,0,0,0,0,0,0,1,,,,,,,,,,,,,
"Opuntia","macrorhia","plains prickly pear",0,0,0,1,0,0,0,0,0,1,0,0,0,0,1,0,0,0,"flower & groundcover","4","bedrock, SW MN",,,"well-drained, sandy, thin","full sun",,,,,0,0,0,0,0,0,1,0,0,0,0,0,1,0,0,0,0,0,0,0,0,0,0,1,,,,,,,,,,,,,
"Osmunda","cinnamomea","Cinnamon fern",0,1,1,0,0,1,0,0,0,0,0,0,0,1,1,0,0,0,"fern","3","wooded swamps, marshes, savannas, E MN","30-36 in",,"acidic, moist","partial shade",2.5,3,,,0,0,1,0,0,1,0,0,1,0,0,1,0,0,0,0,0,1,0,0,0,0,0,0,0,0,0,1,0,0,1,0,0,0,0,0,0
"Osmunda","claytonia","interrupted fern",0,0,1,0,0,1,0,0,0,0,0,0,0,1,1,0,0,0,"fern","2","woods, E MN",,,,,,,,,0,0,1,0,0,1,0,0,1,0,1,0,0,,,,,,,,,,,,,,,,,,,,,,,,
"Osmunda","regalis","royal fern",0,0,1,0,0,1,0,0,0,0,0,0,0,1,1,0,0,0,"fern","3","swamps, NE MN","24-36 in",,"damp",,2,3,,,0,0,1,0,0,0,0,0,0,0,0,1,0,,,,,,,,,,,,,,,,,,,,,,,,
"Ostrya","virginiana","ironwood",0,0,0,0,0,1,0,0,0,0,0,0,0,0,0,0,0,1,"deciduous tree","4, trial in 3","throughout MN","20-40 ft","20-30 ft","cool, moist, well-drained, slightly acidic","full sun to heavy shade",20,40,20,30,1,1,1,1,1,1,1,1,1,0,0,1,1,0,1,1,1,1,1,1,1,1,1,1,0,0,0,1,0,0,0,0,1,0,0,0,0
"Oryzopsis","hymenoides","Indian rice grass",0,0,0,0,0,0,0,0,0,0,0,0,0,0,0,0,0,0,"grass & sedge","3","NW MN","1-2 ft",,"well-drained, sandy","full sun to light shade",1,2,,,1,0,0,0,0,0,0,0,0,0,0,1,0,0,0,0,0,0,1,1,1,1,1,1,,,,,,,,,,,,,
"Pellaea","atropurpurea","purple cliff brake",0,0,0,0,0,0,0,0,0,0,0,0,0,1,0,0,0,0,"fern","4","limestone cliffs, SE MN","6-20 in",,"humus-rich","light shade to partial sun",0.5,1.66666666666667,,,0,0,0,0,0,0,0,0,1,0,0,0,1,0,0,0,0,0,1,1,1,1,0,0,,,,,,,,,,,,,
"Panicum","virgatum","switch grass",1,0,0,0,1,0,0,0,0,0,0,0,0,1,0,1,0,0,"grass & sedge","4","mesic prairies, pondside, streamside, throughout MN","3-6 ft",,"average","full sun",3,6,,,1,1,1,1,1,1,1,1,1,0,0,0,1,0,0,0,0,0,0,0,0,0,0,1,,,,,,,,,,,,,
"Parthenium","integrifolium","wild quinine",0,0,0,0,0,0,0,0,0,0,0,0,0,0,0,0,0,0,"flower & groundcover","3","open woodlands, SE MN","2-4 ft",,,"full sun to partial shade",2,4,,,0,0,0,0,0,0,0,0,1,0,0,1,0,0,0,0,0,1,1,1,1,1,1,1,,,,,,,,,,,,,
"Parthenocissus","quinquefolia","woodbine",0,1,0,0,0,0,0,0,1,0,0,0,0,0,0,0,0,0,"vine","2","woodland edges, SE MN","30 ft",,"any","full sun to shade",30,30,,,0,0,0,0,0,0,0,0,1,0,1,0,0,0,0,1,1,1,1,1,1,1,1,1,,,,,,,,,,,,,
"Penstemon","gracilis","slender beardtongue",0,0,0,1,1,0,0,1,1,1,0,0,0,0,0,0,0,0,"flower & groundcover","3","open woods, savannas, prairies, throughout MN","2 ft",,"average to rich, sandy, loamy, well-drained","full sun",2,2,,,1,1,1,1,1,1,1,1,1,0,0,1,0,0,0,0,0,0,0,0,0,0,0,1,,,,,,,,,,,,,
"Penstemon","grandiflorus","Large-flowered beardtongue",0,0,0,1,1,0,0,1,1,1,0,0,0,0,0,0,0,0,"flower & groundcover","3","prairies, woodland edges, enbankments, central MN, W MN","1-4 ft",,"average to rich, sandy, loamy, well-drained","full sun",1,4,,,1,0,0,1,1,0,1,0,0,0,0,1,0,0,0,0,0,0,0,0,0,0,0,1,,,,,,,,,,,,,
"Phlox","divaricata","blue phlox",0,1,0,0,1,1,1,0,1,0,1,0,0,0,0,0,1,0,"flower & groundcover","3","mesic woods, deciduous woods, clearings, floodplains, S MN","10-20 in",,"well-drained, cool, humus-rich","partial shade to full shade",0.833333333333333,1.66666666666667,,,0,0,0,0,0,0,1,1,1,0,0,1,0,0,0,1,1,1,0,0,0,0,0,0,,,,,,,,,,,,,
"Phlox","maculata","wild sweet William",0,0,0,0,1,0,1,0,1,0,0,0,0,0,0,0,0,0,"flower & groundcover","3","woods, prairies, SE MN","2-3 ft",,"average to rich, moist, well-drained","full sun to light shade",2,3,,,0,0,0,0,0,0,0,0,1,0,0,1,0,0,0,0,0,0,1,1,1,1,1,1,0,0,0,1,0,0,,,,,,,
"Phlox","pilosa","prairie phlox",1,0,0,0,1,0,1,0,1,1,0,0,0,0,0,1,0,0,"flower & groundcover","3","prairies, open woodlands, savannas, S 2/3 MN","10-30 in",,"sand, well-drained, slightly acidic to moderately acidic","full sun to light shade",0.833333333333333,2.5,,,0,0,0,1,1,1,1,1,1,0,0,1,0,0,0,0,0,0,1,1,1,1,1,1,,,,,,,0,1,1,0,0,0,0
"Phyostegia","virginiana","obedient plant",1,0,0,0,1,0,0,0,1,1,0,0,0,1,0,1,0,0,"flower & groundcover","3","prairies, low woods, bottomlands, marsh borders, throughout MN","2-3 ft",,"moist, rich, well-drained","full sun to partial sun",2,3,,,1,1,1,1,1,1,1,1,1,0,0,1,0,0,0,0,0,0,0,0,0,1,1,1,0,0,0,1,0,0,,,,,,,
"Physocarpus","opulifolius","ninebark",0,0,0,0,1,0,0,0,0,0,0,0,0,0,0,0,0,1,"deciduous shrub & small tree","2","streamside, lakeside, E MN","6-9 ft","6-9 ft","well-drained","full sun",6,9,6,9,0,0,1,0,0,1,0,0,1,0,1,0,0,0,0,0,0,0,0,0,0,0,0,1,,,,,,,,,,,,,
"Picea","glauca","white spruce",0,0,1,1,1,0,0,0,0,0,0,0,0,0,0,0,0,0,"evergreen conifer","2","banks of lakes, streamside, N MN, SE MN","40-60 ft","40 ft","well-drained, slightly acidic","full sun",40,60,40,40,1,1,1,0,0,0,0,0,1,0,1,0,0,0,0,0,0,0,0,0,0,0,0,1,,,,,,,0,0,1,0,0,0,0
"Picea","mariana","black spruce",0,0,1,1,1,0,0,0,0,0,0,0,0,1,0,0,0,0,"evergreen conifer","2","swamps, bogs, NE MN","20-50 ft",,,,20,50,,,0,0,1,0,0,0,0,0,0,0,1,0,0,,,,,,,,,,,,,,,,,,,,,,,,
"Pinux","banksiana","jack pine",0,0,0,0,0,0,0,0,0,0,0,0,0,0,0,0,0,0,"evergreen conifer","2","NE MN","20-60 ft",,"poor, sandy, acidic",,20,60,,,0,0,1,0,0,0,0,0,0,0,1,0,0,,,,,,,,,,,,,,,,,,1,0,0,0,0,0,0
"Pinus","resinosa","red pine",0,0,1,0,1,0,0,0,0,0,0,0,0,0,0,0,0,0,"evergreen conifer","3","NE MN","40-80 ft",,"sandy loam, dry","full sun",40,80,,,0,0,1,0,0,0,0,0,0,0,0,1,0,0,0,0,0,0,0,0,0,0,0,1,1,0,0,0,0,0,,,,,,,
"Pinus","strobus","white pine",0,0,1,0,1,0,0,0,0,0,0,0,0,0,0,0,0,0,"evergreen conifer","3","uplands, E MN","60-100 ft","50 ft","fertile, acidic, well-drained","full sun",60,100,50,50,0,0,1,0,0,1,0,0,1,0,0,1,0,0,0,0,0,0,0,0,0,0,0,1,,,,,,,1,0,0,0,0,0,0
"Podophyllum","peltaturn","May apple",0,1,0,1,0,1,0,0,0,0,0,0,0,0,0,0,0,0,"flower & groundcover","3","open woods, clearings, SE MN","12-18 in",,"moist to damp, humus-rich","light shade to full shade",1,1.5,,,0,0,0,0,0,0,0,0,1,0,0,1,0,0,0,1,1,1,1,0,0,0,0,0,0,0,0,1,0,0,,,,,,,
"Polemonium","reptans","spreading Jacob's ladder",0,1,0,0,1,1,0,0,0,0,0,0,0,0,0,0,1,0,"flower & groundcover","3","deciduous woods, floodplains, SE MN","8-16 in",,"fertile, damp, slightly acidic","partial shade to full sun",0.666666666666667,1.33333333333333,,,0,0,0,0,0,0,0,0,1,0,0,1,0,0,0,0,0,1,1,1,1,1,1,1,,,,,,,0,0,1,0,0,0,0
"Polygonatum","biflorum","giant Solomon's seal",0,1,0,0,0,1,0,0,0,0,0,0,0,0,0,0,1,0,"flower & groundcover","3","deciduous woods, mixed coniferous woods, floodplains, all but NE MN","1-3 ft",,"moist, humus-rich","partial sun to deep shade",1,3,,,1,1,0,1,1,1,1,1,1,0,0,1,0,1,1,1,1,1,1,1,1,1,0,0,0,0,0,1,0,0,,,,,,,
"Polygonatum","pubescens","hairy Solomon's seal",0,0,0,0,0,1,0,0,0,0,0,0,0,0,0,0,0,0,"flower & groundcover","3","woodlands, NE MN","12-28 in",,"moist, humus-rich","partial sun to deep shade",1,2.33333333333333,,,0,0,1,0,0,0,0,0,0,0,0,1,0,1,1,1,1,1,1,1,1,1,0,0,0,0,0,1,0,0,,,,,,,
"Polypodium","virginianum","rock-cap fern",0,0,1,0,0,0,0,0,0,0,1,0,0,1,0,0,0,0,"fern","3","rocks, cliffs, E MN","4-12 in",,"moist","shade",0.333333333333333,1,,,0,0,1,0,0,1,0,0,1,0,0,1,0,0,0,1,0,0,0,0,0,0,0,0,0,0,0,1,0,0,,,,,,,
"Polystichum","acrostichoides","Christmas fern",0,1,0,0,0,1,0,0,0,0,0,0,0,1,0,0,1,0,"fern","3","uplands, SE MN","18-24 in",,"fertile, well-drained","partial shade to full shade",1.5,2,,,0,0,0,0,0,0,0,0,1,0,0,1,0,0,0,1,1,1,0,0,0,0,0,0,,,,,,,,,,,,,
"Polystichum","braunii","Braun's holly fern",0,0,1,0,0,0,0,0,0,0,0,0,0,1,0,0,0,0,"fern","3","gorges, NE MN",,,"moist",,,,,,0,0,1,0,0,0,0,0,0,0,0,1,0,,,,,,,,,,,,0,0,0,1,0,0,,,,,,,
"Pontederia","cordata","pickerelweed",0,0,0,0,0,0,0,0,0,0,0,0,1,0,0,0,0,0,"flower & groundcover","4","marshes, streams, shallow lakes, ponds, E MN","1-2 ft",,"fertile, heavy loam, submerged","full sun to partial shade",1,2,,,0,0,1,0,0,1,0,0,1,0,0,0,1,0,0,0,0,1,1,1,1,1,1,1,0,0,0,0,0,1,,,,,,,
"Populus","deltoides","eastern cottonwood",0,0,0,0,0,0,0,1,0,0,0,0,0,0,0,0,0,0,"deciduous tree","3","streamside, riverside, lakeside, throughout MN","70-100 ft",,,,70,100,,,1,1,1,1,1,1,1,1,1,0,0,1,0,,,,,,,,,,,,,,,,,,,,,,,,
"Populus","gradidentata","big-toothed aspen",0,0,0,0,0,0,0,1,0,0,0,0,0,0,0,0,0,0,"deciduous tree","3","E 2/3 MN",,,"moist",,,,,,0,1,1,0,1,1,0,1,1,0,0,1,0,,,,,,,,,,,,0,0,0,1,0,0,,,,,,,
"Populus","tremuloides","quaking aspen",0,0,0,0,0,0,0,1,0,0,0,0,0,0,0,0,0,0,"deciduous tree","3","throughout MN","65 ft",,,,65,65,,,1,1,1,1,1,1,1,1,1,0,0,1,0,,,,,,,,,,,,,,,,,,,,,,,,
"Potentilla","arguta","tall cinquefoil",0,0,0,0,0,0,0,0,0,0,0,0,0,0,0,0,0,0,"flower & groundcover","2","throughout MN","1-3 ft",,"dry","full sun",1,3,,,1,1,1,1,1,1,1,1,1,0,1,0,0,0,0,0,0,0,0,0,0,0,0,1,1,0,0,0,0,0,,,,,,,
"Potentilla","fruticosa","shrubby cinquefoil",0,0,0,1,1,0,0,0,0,1,0,0,0,0,0,0,0,1,"deciduous shrub & small tree","2","bogs, rocky outcroppings, NW MN, NE MN, east-central MN","1-4 ft","1-4 ft","moist, well-drained","full sun to light shade",1,4,1,4,1,0,1,0,0,1,0,0,0,0,1,0,0,0,0,0,0,0,1,1,1,1,1,1,0,0,0,1,0,0,,,,,,,
"Potentilla","tridentata","three-toothed cinquefoil",0,0,1,0,0,0,0,0,0,1,0,0,0,0,0,0,0,0,"flower & groundcover","2","NE MN","3-8 in",,"cool, acidic, well-drained, sandy or gravelly","full sun to partial shade",0.25,0.666666666666667,,,0,0,1,0,0,0,0,0,0,0,1,0,0,0,0,0,0,1,1,1,1,1,1,1,,,,,,,1,0,0,0,0,0,0
"Prunus","nigra","Canadian plum",0,0,0,0,1,0,1,0,0,0,0,0,0,0,0,0,0,1,"deciduous shrub & small tree","3","all but SW MN",,,,,,,,,1,1,1,1,1,1,0,1,1,0,0,1,0,,,,,,,,,,,,,,,,,,,,,,,,
"Prunus","americana","wild plum",1,0,0,0,0,0,1,0,0,0,0,0,0,0,0,0,0,0,"deciduous shrub & small tree","3","woodland edges, S MN, W MN","15-20 ft","15-20 ft","well-drained","full sun",15,20,15,20,1,0,0,1,0,0,1,1,1,0,0,1,0,0,0,0,0,0,0,0,0,0,0,1,,,,,,,,,,,,,
"Prunus","pensylvanica","pin cherry",0,0,0,0,0,0,1,0,0,0,0,0,0,0,0,0,0,0,"deciduous shrub & small tree","3","open hillsides, throughout MN","15-30 ft",,,,15,30,,,1,1,1,1,1,1,1,1,1,0,0,1,0,,,,,,,,,,,,,,,,,,,,,,,,
"Prunus","pumila","sand cherry",1,0,0,0,0,0,1,0,0,0,0,0,0,0,0,0,0,0,"deciduous shrub & small tree","3","open hillsides, throughout MN","1-3 ft",,,,1,3,,,1,1,1,1,1,1,1,1,1,0,0,1,0,,,,,,,,,,,,,,,,,,,,,,,,
"Prunus","serotina","black cherry",0,1,0,0,0,0,1,0,0,0,0,0,0,0,0,0,0,0,"deciduous tree","3","S MN","50-75 ft","40-50 ft","moist, slightly acidic, fertile","full sun",50,75,40,50,0,0,0,0,0,0,1,1,1,0,0,1,0,0,0,0,0,0,0,0,0,0,0,1,0,0,0,1,0,0,0,0,1,0,0,0,0
"Prunus","virginiana","chokeberry",1,0,0,0,0,0,1,0,0,0,0,0,0,0,0,0,0,0,"deciduous shrub & small tree","3, trial in 2","throughout MN","15-35 ft","25 ft",,,15,35,25,25,1,1,1,1,1,1,1,1,1,0,1,1,0,,,,,,,,,,,,,,,,,,,,,,,,
"Pteridium","aquilinum","bracken",0,0,1,0,0,0,0,0,0,0,0,0,0,1,0,0,0,0,"fern","3","woods, all but SW MN","13-48 in",,"well-drained","partial sun",1.08333333333333,4,,,1,1,1,1,1,1,0,1,1,0,0,1,0,0,0,0,0,0,0,0,0,1,0,0,,,,,,,,,,,,,
"Pulsatilla","patens","pasque flower",1,0,0,0,1,0,0,0,0,1,0,0,0,0,0,1,0,0,"flower & groundcover","2","prairies, savannas, SW MN","6-12 in",,"dry, well-drained","full sun to very light shade",0.5,1,,,0,0,0,0,0,0,1,0,0,0,1,0,0,0,0,0,0,0,0,1,1,1,1,1,1,0,0,0,0,0,,,,,,,
"Pycnanthemum","virginianum","Virginia mountain mint",1,0,0,0,0,0,1,0,0,0,0,0,0,1,0,0,0,0,"flower & groundcover","3","mesic open woods, prairies, SW MN","2-3 ft",,"moist, humus-rich","full sun",2,3,,,0,0,0,0,0,0,1,0,0,0,0,1,0,0,0,0,0,0,0,0,0,0,0,1,0,0,0,1,0,0,,,,,,,
"Quercus","alba","white oak",1,1,0,1,0,0,0,1,0,0,0,0,0,0,0,0,0,1,"deciduous tree","4, trial in 3","SE MN","50-75 ft","40-60 ft","fertile, acidic, heavy","full sun",50,75,40,60,0,0,0,0,0,0,0,0,1,0,0,1,1,0,0,0,0,0,0,0,0,0,0,1,,,,,,,1,0,0,0,0,0,0
"Quercus","bicolor","swamp white oak",0,0,0,1,0,0,0,1,0,0,0,0,0,1,0,0,0,1,"deciduous tree","4","SE MN","40-65 ft",,,,40,65,,,0,0,0,0,0,0,0,0,1,0,0,0,1,,,,,,,,,,,,,,,,,,,,,,,,
"Quercus","ellipsoidalis","northern pin oak",1,1,0,1,0,0,0,1,0,0,0,0,0,0,0,0,0,1,"deciduous tree","3","E MN","45-65 ft",,,,45,65,,,0,0,1,0,0,1,0,0,1,0,0,1,0,,,,,,,,,,,,,,,,,,,,,,,,
"Quercus","macrocarpa","bur oak",1,0,0,1,0,0,0,1,0,0,0,0,0,0,0,0,0,1,"deciduous tree","3","throughout MN","50-80 ft",,,,50,80,,,1,1,1,1,1,1,1,1,1,0,0,1,0,,,,,,,,,,,,,,,,,,,,,,,,
"Quercus","rubra","red oak",0,1,0,1,0,0,0,1,0,0,0,0,0,0,0,0,0,1,"deciduous tree","4, trial in 3","E MN","50-80 ft",,"sandy loam, well-drained, acidic",,50,80,,,0,0,1,0,0,1,0,0,1,0,0,1,1,,,,,,,,,,,,,,,,,,1,0,0,0,0,0,0
"Ratibida","columnifera","Mexican hat, prairie coneflower",0,0,0,0,1,0,1,0,0,1,0,0,0,0,0,0,0,0,"flower & groundcover","3","prairies, savannas, W MN","1-3 ft",,"average to rich, well-drained","full sun to light shade",1,3,,,1,0,0,1,0,0,1,0,0,0,0,1,0,0,0,0,0,0,1,1,1,1,1,1,,,,,,,,,,,,,
"Ratibida","pinnata","gray-headed coneflower",0,0,0,0,1,0,1,0,0,1,0,0,0,0,0,1,0,0,"flower & groundcover","3","prairies, savannas, S MN","3-5 ft",,"average to rich, well-drained","full sun to light shade",3,5,,,0,0,0,0,0,0,1,1,1,0,0,1,0,0,0,0,0,0,1,1,1,1,1,1,,,,,,,,,,,,,
"Rhus","glabra","smooth sumac",1,0,0,0,0,0,0,0,0,0,0,0,0,0,0,0,0,0,"deciduous shrub & small tree","3","forest edges, throughout MN","10-15 ft","10-15 ft","not wet or boggy","full sun",10,15,10,15,1,1,1,1,1,1,1,1,1,0,0,1,0,0,0,0,0,0,0,0,0,0,0,1,1,1,1,1,0,0,,,,,,,
"Rhus","typhina","staghorn sumac",0,0,0,0,0,0,1,0,0,0,0,0,0,0,0,0,0,0,"deciduous shrub & small tree","4, trial in 3","forest edges, E MN","10-25 ft",,,,10,25,,,0,0,1,0,0,1,0,0,1,0,0,1,1,,,,,,,,,,,,,,,,,,,,,,,,
"Rosa","acicularis","prickly rose",0,0,1,0,0,0,1,0,0,0,0,0,0,0,0,0,0,0,"deciduous shrub & small tree","2","coniferous woods, NE MN","3 ft",,"slightly acidic, humus-rich",,3,3,,,0,0,1,0,0,0,0,0,0,0,1,0,0,,,,,,,,,,,,,,,,,,0,0,1,0,0,0,0
"Rosa","arkansana","prairie rose",1,0,0,0,0,0,1,0,0,0,0,0,0,0,0,0,0,0,"deciduous shrub & small tree","3","prairies, all but north-central MN","2 ft","4-8 ft",,,2,2,4,8,1,0,1,1,1,1,1,1,1,0,0,1,0,,,,,,,,,,,,,,,,,,,,,,,,
"Rosa","blanda","smooth wild rose",0,0,0,0,0,0,1,0,0,0,0,0,0,0,0,0,0,0,"deciduous shrub & small tree","2","woods, prairies, outcroppings, throughout MN","2-6 ft","4-6 ft","rich","full sun to light shade",2,6,4,6,1,1,1,1,1,1,1,1,1,0,1,0,0,0,0,0,0,0,1,1,1,1,1,1,,,,,,,,,,,,,
"Rubus","parviflorus","thimbleberry",0,0,1,0,0,0,0,0,0,0,0,0,0,0,0,0,0,0,"deciduous shrub & small tree","2","wooded hillsides, stream banks, NE MN","2-8 ft",,"moist","shade",2,8,,,0,0,1,0,0,0,0,0,0,0,1,0,0,0,0,1,0,0,0,0,0,0,0,0,0,0,0,1,0,0,,,,,,,
"Rudbeckia","hirta","black-eyed Susan",1,0,0,1,1,0,1,1,0,0,0,0,0,0,0,1,0,0,"flower & groundcover","2","prairies, open woodlands, throughout MN","1-3 ft",,"moist, average, well-drained","full sun to light shade",1,3,,,1,1,1,1,1,1,1,1,1,0,1,0,0,0,0,0,0,0,1,1,1,1,1,1,0,0,0,1,0,0,,,,,,,
"Rudbeckia","laciniata","tall coneflower",0,0,0,1,1,0,1,1,0,0,0,0,0,0,0,0,0,0,"flower & groundcover","3","open areas, throughout MN","3-6 ft",,"moist","full sun to light shade",3,6,,,1,1,1,1,1,1,1,1,1,0,0,1,0,0,0,0,0,0,1,1,1,1,1,1,0,0,0,1,0,0,,,,,,,
"Rudbeckia","triloba","three-leaved coneflower",0,0,0,1,1,0,1,1,0,0,0,0,0,1,0,0,0,0,"flower & groundcover","3","prairies, open woodlands","2-5 ft",,,,2,5,,,,,,,,,,,,0,0,1,0,,,,,,,,,,,,,,,,,,,,,,,,
"Ruellia","humilis","wild petunia",0,0,0,0,1,0,0,0,0,1,0,0,0,0,0,0,0,0,"flower & groundcover","4","prairies, east-central MN","1-2 ft",,"well-drained","full sun",1,2,,,0,0,0,0,0,1,0,0,0,0,0,0,1,0,0,0,0,0,0,0,0,0,0,1,,,,,,,,,,,,,
"Sagittaria","latifolia","broad-leaved arrowhead",0,0,0,0,0,0,0,0,0,0,0,0,1,0,0,0,0,0,"flower & groundcover","3","stream margins, ponds, throughout MN","12-36 in",,"fertile, heavy, loamy, submerged","full sun to light shade",1,3,,,1,1,1,1,1,1,1,1,1,0,0,1,0,0,0,0,0,0,1,1,1,1,1,1,0,0,0,0,0,1,,,,,,,
"Sanguinaira","canadense","bloodroot",0,1,0,1,0,1,0,0,0,0,0,0,0,0,0,0,1,0,"flower & groundcover","3","woods, floodplains, throughout MN","4-10 in",,"moist, humus-rich","shade to spring sun",0.333333333333333,0.833333333333333,,,1,1,1,1,1,1,1,1,1,0,0,1,0,0,0,1,1,1,1,1,1,0,0,0,0,0,0,1,0,0,,,,,,,
"Salix","amygdaloides","peach-leaved willow",0,0,0,0,0,0,0,1,0,0,0,0,0,1,0,0,0,0,"deciduous tree","3","throughout MN","40-60 ft",,,,40,60,,,1,1,1,1,1,1,1,1,1,0,0,1,0,,,,,,,,,,,,,,,,,,,,,,,,
"Salix","discolor","pussy willow",0,0,0,0,0,0,0,1,0,0,0,0,0,1,0,0,0,0,"deciduous shrub & small tree","3, trial in 2","shores, swamps, wetlands, all but SW MN","10-20 ft","10-15 ft","moist to wet","full sun",10,20,10,15,1,1,1,1,1,1,0,1,1,0,1,1,0,0,0,0,0,0,0,0,0,0,0,1,0,0,0,1,1,0,,,,,,,
"Salix","humilis","prairie willow",0,0,0,0,0,0,0,1,0,0,0,0,0,1,0,0,0,0,"deciduous shrub & small tree","2","shores, swamps, wetlands, all but SW MN",,,,,,,,,1,1,1,1,1,1,0,1,1,0,1,0,0,,,,,,,,,,,,,,,,,,,,,,,,
"Salix","nigra","black willow",0,0,0,0,0,0,0,1,0,0,0,0,0,1,0,0,0,0,"deciduous tree","3","stream banks, wetlands, E MN","40-60 ft",,,,40,60,,,0,0,1,0,0,1,0,0,1,0,0,1,0,,,,,,,,,,,,,,,,,,,,,,,,
"Sambucus","canadensis","common elder",0,0,0,0,0,0,1,0,0,0,0,0,0,1,0,0,0,0,"deciduous shrub & small tree","2","S MN","8-10 ft","8-10 ft","moist, acidic to alkaline",,8,10,8,10,0,0,0,0,0,0,1,1,1,0,1,0,0,,,,,,,,,,,,0,0,0,1,0,0,1,1,1,1,1,1,1
"Sambucus","pubens","scarlet elder",0,0,0,0,0,0,1,0,0,0,0,0,0,0,0,0,0,0,"deciduous shrub & small tree","2","woodlands, woodland edges, throughout MN","10 ft",,,"shade",10,10,,,1,1,1,1,1,1,1,1,1,0,1,0,0,0,0,1,0,0,0,0,0,0,0,0,,,,,,,,,,,,,
"Schizachyrium","scoparium","little bluestem",1,0,0,1,1,0,0,1,0,0,0,0,0,0,0,1,0,0,"grass & sedge","3","prairies, savannas, all but far NE MN","2-3 ft",,"well-drained, sand, loam","full sun to partial shade",2,3,,,1,1,0,1,1,1,1,1,1,0,0,1,0,0,0,0,0,1,1,1,1,1,1,1,,,,,,,,,,,,,
"Senecio","aureus","golden ragwort",0,0,0,0,1,0,0,0,0,0,0,0,0,1,0,0,0,0,"flower & groundcover","3","woods, swamps, throughout MN","1-2 ft",,"moist, slightly acidic","full sun to partial shade",1,2,,,1,1,1,1,1,1,1,1,1,0,0,1,0,0,0,0,0,1,1,1,1,1,1,1,0,0,0,1,0,0,0,0,1,0,0,0,0
"Senecio","plattensis","prairie ragwort",0,0,0,0,0,0,0,0,0,0,0,0,0,0,0,0,0,0,"flower & groundcover","3","open woods, savannas, prairies, SW MN, W MN",,,,,,,,,1,0,0,1,0,0,1,0,0,0,0,1,0,,,,,,,,,,,,,,,,,,,,,,,,
"Shepherdia","argentea","buffalo berry",0,0,0,0,0,0,0,0,0,0,0,0,0,0,0,0,0,0,"deciduous shrub & small tree","2","ravines, prairies, W MN","15-18 ft","15-18 ft","dry, alkaline","full sun",15,18,15,18,1,0,0,1,0,0,1,0,0,0,1,0,0,0,0,0,0,0,0,0,0,0,0,1,1,0,0,0,0,0,0,0,0,0,0,0,1
"Silphium","laciniatum","compass plant",1,0,0,0,0,0,1,0,0,0,0,0,0,0,0,0,0,0,"flower & groundcover","3","prairies, savannas, S MN","3-12 ft",,"moist, average","full sun",3,12,,,0,0,0,0,0,0,1,1,1,0,0,1,0,0,0,0,0,0,0,0,0,0,0,1,0,0,0,1,0,0,,,,,,,
"Silphium","perfoliatum","cup plant",0,0,0,0,0,0,1,0,1,0,0,0,0,1,0,0,0,0,"flower & groundcover","3","low woods, open woods, prairies","3-8 ft",,,"full sun to light shade",3,8,,,,,,,,,,,,0,0,1,0,0,0,0,0,0,1,1,1,1,1,1,,,,,,,,,,,,,
"Sisyrinchium","angustfolium","blue-eyed grass",1,0,0,0,1,0,0,0,0,1,0,0,0,0,0,0,0,0,"flower & groundcover","3","prairies, savannas, open woods, all but SE MN","10-20 in",,"moist, average, well-drained","full sun to light shade",0.833333333333333,1.66666666666667,,,1,1,1,1,1,1,1,1,0,0,0,1,0,0,0,0,0,0,1,1,1,1,1,1,0,0,0,1,0,0,,,,,,,
"Sisyrinchium","campestre","field blue-eyed grass",0,0,0,0,1,0,0,0,0,1,0,0,0,0,0,0,0,0,"flower & groundcover","3","open woods, savannas, prairies, SW MN","16 in",,"moist, average, well-drained","full sun to light shade",1.33333333333333,1.33333333333333,,,0,0,0,0,0,0,1,0,0,0,0,1,0,0,0,0,0,0,1,1,1,1,1,1,0,0,0,1,0,0,,,,,,,
"Smilacina","racemosa","false Solomon's seal",0,1,0,0,0,1,0,0,0,0,0,0,0,0,0,0,0,0,"flower & groundcover","2","woods, rocky slopes, throughout MN","1-3 ft",,"moist, rich, acidic","light shade to full shade",1,3,,,1,1,1,1,1,1,1,1,1,0,1,0,0,0,0,1,1,1,1,0,0,0,0,0,0,0,0,1,0,0,1,0,0,0,0,0,0
"Smilacina","stellata","starry false Solomon's seal",0,0,0,0,0,1,0,0,0,0,0,0,0,0,0,0,0,0,"flower & groundcover","2","open woods, savannas, prairies, throughout MN","12-24 in",,,,1,2,,,1,1,1,1,1,1,1,1,1,0,1,0,0,,,,,,,,,,,,,,,,,,,,,,,,
"Solidago","flexicaulis","zigzag goldenrod",1,0,0,1,0,1,1,0,0,0,0,0,0,0,0,0,1,0,"flower & groundcover","3","woods, woodland edges, all but far N MN","2-4 ft",,"rich","light shade",2,4,,,0,0,0,1,1,1,1,1,1,0,0,1,0,0,0,0,0,0,1,0,0,0,0,0,,,,,,,,,,,,,
"Solidago","nemoralis","gray goldenrod",1,0,0,1,0,0,1,0,0,1,0,0,0,0,0,0,0,0,"flower & groundcover","2","prairies, open woodlands, throughout MN","1-2 ft",,,,1,2,,,1,1,1,1,1,1,1,1,1,0,1,0,0,,,,,,,,,,,,,,,,,,,,,,,,
"Solidago","rigida","stiff goldenrod",1,0,0,1,1,0,1,0,0,0,0,0,0,0,0,0,0,0,"flower & groundcover","3","prairies, open woodlands, throughout MN","3-5 ft",,"average to infertile, well-drained","full sun",3,5,,,1,1,1,1,1,1,1,1,1,0,0,1,0,0,0,0,0,0,0,0,0,0,0,1,,,,,,,,,,,,,
"Solidago","speciosa","showy goldenrod",1,0,0,1,1,0,1,0,0,0,0,0,0,0,0,0,0,0,"flower & groundcover","3","prairies, savannas, open woods, SW MN","2-5 ft",,,,2,5,,,0,0,0,0,0,0,1,0,0,0,0,1,0,,,,,,,,,,,,,,,,,,,,,,,,
"Sorbus","americana","American mountain ash",0,0,1,0,0,0,0,0,0,0,0,0,0,0,0,0,0,0,"deciduous tree","2","NE MN, swamp edges","20-30 ft","15-25 ft","acidic, moist","full sun",20,30,15,25,0,0,1,0,0,0,0,0,0,0,1,0,0,0,0,0,0,0,0,0,0,0,0,1,0,0,0,1,0,0,1,0,0,0,0,0,0
"Sorbus","decora","showy mountain ash",0,0,1,0,0,0,0,0,0,0,0,0,0,0,0,0,0,0,"deciduous tree","2","NE MN",,,,"full sun to partial shade",,,,,0,0,1,0,0,0,0,0,0,0,1,0,0,0,0,0,0,1,1,1,1,1,1,1,,,,,,,,,,,,,
"Sorghastrum","nutans","Indian grass",1,0,0,0,1,0,0,0,0,0,0,0,0,0,0,0,0,0,"grass & sedge","4","prairies, open woodlands, SW MN","5-7 ft",,"moist, well-drained","full sun to very light shade",5,7,,,0,0,0,0,0,0,1,0,0,0,0,0,1,0,0,0,0,0,0,1,1,1,1,1,0,0,0,1,0,0,,,,,,,
"Sporobolus","asper","rough dropseed",0,0,0,0,0,0,0,0,0,0,0,0,0,0,0,0,0,0,"grass & sedge","3",,"2-4 ft",,"well-drained, moist","full sun",2,4,,,,,,,,,,,,0,0,1,0,0,0,0,0,0,0,0,0,0,0,1,0,0,0,1,0,0,,,,,,,
"Sporobolus","cryptandrus","sand dropseed",0,0,0,0,0,0,0,0,0,0,0,0,0,0,0,0,0,0,"grass & sedge","3",,"2-4 ft",,"well-drained, moist","full sun",2,4,,,,,,,,,,,,0,0,1,0,0,0,0,0,0,0,0,0,0,0,1,0,0,0,1,0,0,,,,,,,
"Sporobolus","heterolepis","prairie dropseed",1,0,0,1,1,0,0,0,0,0,0,0,0,0,0,1,0,0,"grass & sedge","3","prairies, savannas, SW MN","2-4 ft",,"well-drained, moist","full sun",2,4,,,0,0,0,0,0,0,1,0,0,0,0,1,0,0,0,0,0,0,0,0,0,0,0,1,0,0,0,1,0,0,,,,,,,
"Spartina","pectinata","prairie cordgrass",0,0,0,0,0,0,0,0,0,0,0,0,0,1,0,0,0,0,"grass & sedge","4","prairies, swamps, throughout MN","6-9 ft",,"moist, fertile","full sun",6,9,,,1,1,1,1,1,1,1,1,1,0,0,0,1,0,0,0,0,0,0,0,0,0,0,1,0,0,0,1,0,0,,,,,,,
"Spiraea","alba","white meadowsweet",0,0,0,0,1,0,1,0,0,0,0,0,0,1,0,0,0,0,"deciduous shrub & small tree","2","throughout MN","2-5 ft","2-5 ft","moist, fertile","full sun",2,5,2,5,1,1,1,1,1,1,1,1,1,0,1,0,0,0,0,0,0,0,0,0,0,0,0,1,0,0,0,1,0,0,,,,,,,
"Spiraea","tomentosa","steeplebush",0,0,0,0,0,0,0,0,0,0,0,0,0,0,0,0,0,0,"deciduous shrub & small tree","3","east-central MN",,,"moist, fertile","full sun",,,,,0,0,0,0,0,1,0,0,0,0,0,1,0,0,0,0,0,0,0,0,0,0,0,1,0,0,0,1,0,0,,,,,,,
"Staphylea","trifolia","bladdernut",0,0,0,0,0,0,0,0,0,0,0,0,0,0,0,0,0,0,"deciduous shrub & small tree","3","woodlands, SE MN","10-15 ft","8-10 ft","slightly acidic, moist, well-drained, fertile","full sun to heavy shade",10,15,8,10,0,0,0,0,0,0,0,0,1,0,0,1,0,0,1,1,1,1,1,1,1,1,1,1,0,0,0,1,0,0,0,0,1,0,0,0,0
"Stipa","spartea","porcupine grass",0,0,0,0,0,0,0,0,0,0,0,0,0,0,0,0,0,0,"grass & sedge","3","prairies, savannas, SW MN","2-4 ft",,"average to dry",,2,4,,,0,0,0,0,0,0,1,0,0,0,0,1,0,,,,,,,,,,,,1,1,0,0,0,0,,,,,,,
"Streptopus","roseus","rose twisted stalk",0,0,1,0,0,0,0,0,0,0,0,0,0,0,0,0,0,0,"flower & groundcover","3","woods, stream banks, NE MN","12-30 in",,"moist, rich, acidic","shade",1,2.5,,,0,0,1,0,0,0,0,0,0,0,0,1,0,0,0,1,0,0,0,0,0,0,0,0,0,0,0,1,0,0,1,0,0,0,0,0,0
"Symphoricarpos","albus","snowberry",1,0,1,0,0,0,0,1,1,0,0,0,0,0,0,0,0,0,"deciduous shrub & small tree","2","woodlands, NE MN","3-6 ft","3-6 ft","well-drained","full sun to partial shade",3,6,3,6,0,0,1,0,0,0,0,0,0,0,1,0,0,0,0,0,0,1,1,1,1,1,1,1,,,,,,,,,,,,,
"Symphoricarpos","occidentalis","wolfberry",0,0,0,0,0,0,0,1,0,0,0,0,0,0,0,0,0,0,"deciduous shrub & small tree","2","woodlands, NE MN","3 ft","3 ft",,,3,3,3,3,0,0,1,0,0,0,0,0,0,0,1,0,0,,,,,,,,,,,,,,,,,,,,,,,,
"Taxus","canadensis","Canada yew",0,0,1,0,0,0,0,0,0,0,0,0,0,0,0,0,0,0,"evergreen conifer","2","woods, bog margins, NE MN","3-6 ft","6-8 ft","slightly acidic","partial shade",3,6,6,8,0,0,1,0,0,0,0,0,0,0,1,0,0,0,0,0,0,1,0,0,0,0,0,0,,,,,,,0,0,1,0,0,0,0
"Thaliactrum","dasycarpum","tall meadow rue",1,0,0,0,0,0,0,0,0,0,0,0,0,1,0,0,0,0,"flower & groundcover","3","prairies, wetland margins, floodplains, throughout MN","4-6 ft",,"moist","full sun to deep shade",4,6,,,1,1,1,1,1,1,1,1,1,0,0,1,0,1,1,1,1,1,1,1,1,1,1,1,0,0,0,1,0,0,,,,,,,
"Thaliactrum","dioicum","early meadow rue",0,1,0,0,0,1,0,0,0,0,1,0,0,0,0,0,0,0,"flower & groundcover","3","woods, E MN","1-3 ft",,"fertile, moist, slightly acidic","light shade to deep shade",1,3,,,0,0,1,0,0,1,0,0,1,0,0,1,0,1,1,1,1,1,1,0,0,0,0,0,0,0,0,1,0,0,0,0,1,0,0,0,0
"Thelypteris","palustris","northern marsh fern",0,0,0,0,0,0,0,0,0,0,0,0,0,1,0,0,0,0,"fern","3","marshes, bogs, all but SW MN","18 in",,"damp",,1.5,1.5,,,1,1,1,1,1,1,0,1,1,0,0,1,0,,,,,,,,,,,,,,,,,,,,,,,,
"Thuja","occidentails","white cedar",0,0,1,0,0,0,0,0,0,0,0,0,0,1,0,0,0,0,"evergreen conifer","2","NE MN","30-50 ft","30 ft","moist","full sun to partial shade",30,50,30,30,0,0,1,0,0,0,0,0,0,0,1,0,0,0,0,0,0,1,1,1,1,1,1,1,0,0,0,1,0,0,,,,,,,
"Tilia","americana","basswood",0,1,0,0,0,0,0,0,0,0,0,0,0,0,0,0,0,1,"deciduous tree","3, protected spots in 2","throughout MN","50-90 ft","40-50 ft","moist, fertile, well-drained","full sun to partial shade",50,90,40,50,1,1,1,1,1,1,1,1,1,0,1,1,0,0,0,0,0,1,1,1,1,1,1,1,0,0,0,1,0,0,,,,,,,
"Tradescantia","bracteata","bracted spiderwort",0,0,0,1,1,0,0,0,0,1,0,0,0,0,0,0,0,0,"flower & groundcover","4","prairies, savannas, SW MN","1-2 ft",,"lean, well-drained","full sun to light shade",1,2,,,0,0,0,0,0,0,1,0,0,0,0,0,1,0,0,0,0,0,1,1,1,1,1,1,,,,,,,,,,,,,
"Tradescantia","occidentails","Western spiderwort",0,0,0,1,1,0,0,0,0,1,0,0,0,0,0,0,0,0,"flower & groundcover","3","savannas, prairies, east-central MN","12-18 in",,"lean, well-drained","full sun to light shade",1,1.5,,,0,0,0,0,0,1,0,0,0,0,0,1,0,0,0,0,0,0,1,1,1,1,1,1,,,,,,,,,,,,,
"Tradescantia","ohiensis","Ohio spiderwort",1,0,0,1,1,0,0,0,0,1,0,0,0,0,0,0,0,0,"flower & groundcover","3","far SE MN","2-4 ft",,"lean, well-drained","full sun to light shade",2,4,,,0,0,0,0,0,0,0,0,1,0,0,1,0,0,0,0,0,0,1,1,1,1,1,1,,,,,,,,,,,,,
"Trientalis","borealis","starflower",0,0,1,0,0,0,0,0,0,0,0,0,0,0,0,0,0,0,"flower & groundcover","2","woods, bogs, NE MN","4-8 in",,"moist, rich, acidic","full shade to partial shade",0.333333333333333,0.666666666666667,,,0,0,1,0,0,0,0,0,0,0,1,0,0,0,0,1,1,1,0,0,0,0,0,0,0,0,0,1,0,0,1,0,0,0,0,0,0
"Trillium","cernuum","nodding trillium",0,1,0,0,0,1,0,0,0,0,0,0,0,0,0,0,1,0,"flower & groundcover","2","woods, throughout MN",,,,,,,,,1,1,1,1,1,1,1,1,1,0,1,0,0,,,,,,,,,,,,,,,,,,,,,,,,
"Trillium","grandiflorum","large-flowered grandiflorum",0,1,0,0,0,1,0,0,0,0,0,0,0,0,0,0,1,0,"flower & groundcover","3","woodlands, floodplains, east-central MN","10-18 in",,"rich, well-drained","light shade to deep shade",0.833333333333333,1.5,,,0,0,0,0,0,1,0,0,0,0,0,1,0,1,1,1,1,1,1,0,0,0,0,0,,,,,,,,,,,,,
"Trillium","nivale","snow trillium",0,1,0,0,0,1,0,0,0,0,0,0,0,0,0,0,1,0,"flower & groundcover","4","forest, bottomlands, S MN","6 in",,"moist, humus-rich, limy","light shade to partial shade",0.5,0.5,,,0,0,0,0,0,0,1,1,1,0,0,0,1,0,0,0,0,1,1,0,0,0,0,0,0,0,0,1,0,0,0,0,0,0,0,1,0
"Tsuga","canadensis","eastern hemlock",0,0,1,1,0,1,0,0,0,0,0,0,0,0,0,0,0,1,"evergreen conifer","3","NE MN","40-60 ft","30-50 ft","cool, moist, well-drained, acidic","partial shade",40,60,30,50,0,0,1,0,0,0,0,0,0,0,0,1,0,0,0,0,0,1,0,0,0,0,0,0,0,0,0,1,0,0,1,0,0,0,0,0,0
"Ulmus","rubra","red elm",0,0,0,0,0,0,0,0,0,0,0,0,0,0,0,0,0,0,"deciduous tree","3","river bottoms, lowlands, S MN","50-70 ft",,,,50,70,,,0,0,0,0,0,0,1,1,1,0,0,1,0,,,,,,,,,,,,,,,,,,,,,,,,
"Uvularia","grandiflora","large-flowered bellwort",0,1,0,0,0,1,0,0,0,0,1,0,0,0,0,0,0,0,"flower & groundcover","3","deciduous woods, bottomlands, throughout MN","12-16 in",,"moist, average, neutral to limy","shade to spring sun",1,1.33333333333333,,,1,1,1,1,1,1,1,1,1,0,0,1,0,0,0,1,1,1,1,1,1,0,0,0,0,0,0,1,0,0,0,0,0,1,1,1,0
"Uvularia","sessilifolia","pale bellwort",0,1,1,0,0,1,0,0,0,0,1,0,0,0,0,0,0,0,"flower & groundcover","3","woods, thickets, NE MN","4-12 in",,"moist, average, acidic","shade to spring sun",0.333333333333333,1,,,0,0,1,0,0,0,0,0,0,0,0,1,0,0,0,1,1,1,1,1,1,0,0,0,0,0,0,1,0,0,1,0,0,0,0,0,0
"Vaccinium","angustifolium","low-bush blueberry",0,0,1,0,0,0,0,0,0,0,0,0,0,0,0,0,0,0,"deciduous shrub & small tree","2","bogs, NE MN","6-12 in",,"acidic",,0.5,1,,,0,0,1,0,0,0,0,0,0,0,1,0,0,,,,,,,,,,,,,,,,,,1,0,0,0,0,0,0
"Verbena","hastata","blue vervain",0,0,0,1,1,0,0,0,0,0,0,0,0,1,0,0,0,0,"flower & groundcover","3","prairies, wetland margins, marshes, throughout MN","3-5 ft",,"rich, moist to wet","full sun to light shade",3,5,,,1,1,1,1,1,1,1,1,1,0,0,1,0,0,0,0,0,0,1,1,1,1,1,1,0,0,0,1,1,0,,,,,,,
"Verbena","stricta","hoary vervain",1,0,0,1,1,0,0,0,0,0,0,0,0,0,0,1,0,0,"flower & groundcover","3","prairies, savannas, S MN","1-3 ft",,"wide variety","full sun",1,3,,,0,0,0,0,0,0,1,1,1,0,0,1,0,0,0,0,0,0,0,0,0,0,0,1,,,,,,,,,,,,,
"Vernonia","fasciculata","bunched ironweed",1,0,0,0,0,0,0,0,0,0,0,0,0,1,0,0,0,0,"flower & groundcover","3","low places, prairies, S MN","3-6 ft",,"moist, well-drained","full sun",3,6,,,0,0,0,0,0,0,1,1,1,0,0,1,0,0,0,0,0,0,0,0,0,0,0,1,0,0,0,1,0,0,,,,,,,
"Veronicastrum","virginicum","Culver's root",1,0,0,1,1,0,0,0,0,0,0,0,0,1,0,0,0,0,"flower & groundcover","3","prairies, floodplains, woodland edges, all but far NE MN","3-6 ft",,"moist to wet, rich","full sun to light shade",3,6,,,1,1,0,1,1,1,1,1,1,0,0,1,0,0,0,0,0,0,1,1,1,1,1,1,0,0,0,1,1,0,,,,,,,
"Viburnum","lentago","nannyberry",1,0,0,1,0,1,1,0,0,0,0,0,0,0,0,0,0,1,"deciduous shrub & small tree","3","forest edges, stream banks, hillsides, throughout MN","10-20 ft",,,"full sun to deep shade",10,20,,,1,1,1,1,1,1,1,1,1,0,0,1,0,1,1,1,1,1,1,1,1,1,1,1,,,,,,,,,,,,,
"Viburnum","rafinesquianum","downy arrow wood",1,0,0,1,0,1,1,0,0,0,0,0,0,0,0,0,0,1,"deciduous shrub & small tree","2","slopes, open woods, all but SW MN","6 ft","6 ft",,,6,6,6,6,1,1,1,1,1,1,0,1,1,0,1,0,0,,,,,,,,,,,,,,,,,,,,,,,,
"Viburnum","trilobum","highbush cranberry",0,0,0,1,0,1,1,0,0,0,0,0,0,1,0,0,0,1,"deciduous shrub & small tree","2","woods, thickets, all but SW MN","10-12 ft","10-12 ft","fertile, slightly acidic, well-drained","full sun to partial shade",10,12,10,12,1,1,1,1,1,1,0,1,1,0,1,0,0,0,0,0,0,1,1,1,1,1,1,1,,,,,,,0,0,1,0,0,0,0
"Viola","pedata","bird's-foot violet",0,1,0,0,0,1,0,1,0,1,0,0,0,0,1,0,0,0,"flower & groundcover","3","prairies, woodland openings, SE MN","4-8 in",,"sandy, acidic, well-drained","full sun to partial sun",0.333333333333333,0.666666666666667,,,0,0,0,0,0,0,0,0,1,0,0,1,0,0,0,0,0,0,0,0,0,1,1,1,,,,,,,1,0,0,0,0,0,0
"Viola","pubescens","yellow violet",0,1,0,0,0,1,0,1,0,0,0,0,0,0,1,0,0,0,"flower & groundcover","3","deciduous woods, floodplains, throughout MN","6-16 in",,"rich, moist","light shade to full shade",0.5,1.33333333333333,,,1,1,1,1,1,1,1,1,1,0,0,1,0,0,0,1,1,1,1,0,0,0,0,0,0,0,0,1,0,0,,,,,,,
"Viola","sororia","Common blue violet",0,1,0,0,0,1,0,1,0,0,1,0,0,1,1,0,0,0,"flower & groundcover","3","woodlands, clearings, throughout MN","10 in",,"moist","full sun to shade",0.833333333333333,0.833333333333333,,,1,1,1,1,1,1,1,1,1,0,0,1,0,0,0,1,1,1,1,1,1,1,1,1,0,0,0,1,0,0,,,,,,,
"Vitis","riparia","wild grape",0,1,0,0,0,0,0,0,0,0,0,0,0,0,0,0,0,0,"vine","2","riverbanks, woods, throughout MN","30 ft",,"moist","full sun to light shade",30,30,,,1,1,1,1,1,1,1,1,1,0,1,0,0,0,0,0,0,0,1,1,1,1,1,1,0,0,0,1,0,0,,,,,,,
"Waldsteinia","fragarioides","barren strawberry",0,0,1,0,0,0,0,1,0,0,0,0,0,0,1,0,0,0,"flower & groundcover","4","open woods, savannas, NE MN","3-6 in",,"moist, acidic","full sun to light shade",0.25,0.5,,,0,0,1,0,0,0,0,0,0,0,0,0,1,0,0,0,0,0,1,1,1,1,1,1,0,0,0,1,0,0,1,0,0,0,0,0,0
"Woodsia","obtusa","blunt-lobed woodsia",0,0,0,0,0,0,0,0,0,0,0,0,0,1,0,0,0,0,"fern","3","rock crevices, S MN","6-18 in",,"neutral, humus-rich",,0.5,1.5,,,0,0,0,0,0,0,1,1,1,0,0,1,0,,,,,,,,,,,,,,,,,,0,0,0,1,0,0,0
"Zizia","aptera","heart-leaved alexanders",0,0,0,0,1,0,0,0,0,1,0,0,0,0,0,1,0,0,"flower & groundcover","3","open woods, floodplains, prairies, throughout MN","1-2 ft",,,,1,2,,,1,1,1,1,1,1,1,1,1,0,0,1,0,,,,,,,,,,,,,,,,,,,,,,,,
"Zizia","aurea","golden alexander",1,0,0,0,0,0,0,0,0,1,0,0,0,0,0,0,0,0,"flower & groundcover","3","open woods, floodplains, prairies, throughout MN","1-3 ft",,"moist, well-drained","light shade to full sun",1,3,,,1,1,1,1,1,1,1,1,1,0,0,1,0,0,0,0,0,0,1,1,1,1,1,1,0,0,0,1,0,0,,,,,,,
